Variety,TID,FID,Grade,MidGrade,TuberCount,Sample_Wght,TuberWght,TrialType,CubeRoot
Soraya,33,29308,grading: 10-20 mm,17.5,7,0.025,3.571428625,FT,1.528553551
Soraya,33,29332,grading: 10-20 mm,17.5,2,0.005,2.499999944,FT,1.357208798
Soraya,33,29356,grading: 10-20 mm,17.5,4,0.015,3.749999916,FT,1.553616241
Soraya,33,29380,grading: 10-20 mm,17.5,1,0.005,4.999999888,FT,1.709975933
Soraya,33,29404,grading: 10-20 mm,17.5,5,0.02,3.999999911,FT,1.587401039
Soraya,33,29428,grading: 10-20 mm,17.5,1,0.005,4.999999888,FT,1.709975933
Soraya,33,29452,grading: 10-20 mm,17.5,4,0.015,3.749999916,FT,1.553616241
Soraya,33,29476,grading: 10-20 mm,17.5,7,0.02,2.857142793,FT,1.418983401
Soraya,33,29500,grading: 10-20 mm,17.5,1,0.005,4.999999888,FT,1.709975933
Soraya,33,29524,grading: 10-20 mm,17.5,6,0.015,2.499999944,FT,1.357208798
Soraya,33,29548,grading: 10-20 mm,17.5,7,0.02,2.857142793,FT,1.418983401
Soraya,33,29572,grading: 10-20 mm,17.5,2,0.01,4.999999888,FT,1.709975933
Soraya,33,29620,grading: 10-20 mm,17.5,1,0.005,4.999999888,FT,1.709975933
Soraya,34,29668,grading: 10-20 mm,17.5,1,0.005,4.999999888,FT,1.709975933
Soraya,34,29690,grading: 10-20 mm,17.5,2,0.015,7.499999832,FT,1.957433805
Soraya,34,29712,grading: 10-20 mm,17.5,3,0.015,4.999999888,FT,1.709975933
Soraya,34,29734,grading: 10-20 mm,17.5,5,0.025,5.000000075,FT,1.709975954
Soraya,34,29756,grading: 10-20 mm,17.5,3,0.01,3.333333259,FT,1.49380157
Soraya,34,29822,grading: 10-20 mm,17.5,5,0.015,2.999999933,FT,1.442249559
Soraya,34,29844,grading: 10-20 mm,17.5,10,0.025,2.500000037,FT,1.357208815
Soraya,34,29866,grading: 10-20 mm,17.5,22,0.075,3.409091045,FT,1.505033614
Soraya,34,29888,grading: 10-20 mm,17.5,6,0.03,4.999999888,FT,1.709975933
Soraya,34,29910,grading: 10-20 mm,17.5,3,0.02,6.666666518,FT,1.882072043
Soraya,34,29932,grading: 10-20 mm,17.5,1,0.005,4.999999888,FT,1.709975933
Soraya,34,29954,grading: 10-20 mm,17.5,11,0.035,3.181818195,FT,1.470816365
Soraya,34,29976,grading: 10-20 mm,17.5,3,0.015,4.999999888,FT,1.709975933
Soraya,45,45828,grading: 10-20 mm,17.5,1,0.005,4.999999888,FT,1.709975933
Soraya,45,45829,grading: 10-20 mm,17.5,5,0.01,1.999999955,FT,1.25992104
Soraya,45,45830,grading: 10-20 mm,17.5,3,0.005,1.666666629,FT,1.185631092
Soraya,45,45831,grading: 10-20 mm,17.5,2,0.01,4.999999888,FT,1.709975933
Soraya,45,45832,grading: 10-20 mm,17.5,4,0.015,3.749999916,FT,1.553616241
Soraya,45,45833,grading: 10-20 mm,17.5,1,0.005,4.999999888,FT,1.709975933
Soraya,45,45834,grading: 10-20 mm,17.5,3,0.01,3.333333259,FT,1.49380157
Soraya,45,45835,grading: 10-20 mm,17.5,3,0.005,1.666666629,FT,1.185631092
Soraya,45,45839,grading: 10-20 mm,17.5,4,0.025,6.250000093,FT,1.842015757
Soraya,45,45840,grading: 10-20 mm,17.5,4,0.02,4.999999888,FT,1.709975933
Soraya,45,45841,grading: 10-20 mm,17.5,12,0.04,3.333333259,FT,1.49380157
Soraya,45,45842,grading: 10-20 mm,17.5,3,0.005,1.666666629,FT,1.185631092
Soraya,45,45843,grading: 10-20 mm,17.5,6,0.02,3.333333259,FT,1.49380157
Soraya,45,45845,grading: 10-20 mm,17.5,1,0.005,4.999999888,FT,1.709975933
Soraya,46,46197,grading: 10-20 mm,17.5,2,0.025,12.50000019,FT,2.320794426
Soraya,46,46198,grading: 10-20 mm,17.5,7,0.03,4.28571419,FT,1.624330509
Soraya,46,46199,grading: 10-20 mm,17.5,4,0.02,4.999999888,FT,1.709975933
Soraya,46,46200,grading: 10-20 mm,17.5,4,0.015,3.749999916,FT,1.553616241
Soraya,46,46201,grading: 10-20 mm,17.5,5,0.02,3.999999911,FT,1.587401039
Soraya,46,46202,grading: 10-20 mm,17.5,3,0.01,3.333333259,FT,1.49380157
Soraya,46,46204,grading: 10-20 mm,17.5,14,0.045,3.214285842,FT,1.475802239
Soraya,46,46205,grading: 10-20 mm,17.5,12,0.05,4.166666729,FT,1.609148982
Soraya,46,46206,grading: 10-20 mm,17.5,8,0.025,3.125000047,FT,1.462008876
Soraya,46,46207,grading: 10-20 mm,17.5,5,0.02,3.999999911,FT,1.587401039
Soraya,46,46208,grading: 10-20 mm,17.5,4,0.015,3.749999916,FT,1.553616241
Soraya,46,46209,grading: 10-20 mm,17.5,4,0.015,3.749999916,FT,1.553616241
Soraya,46,46210,grading: 10-20 mm,17.5,5,0.02,3.999999911,FT,1.587401039
Soraya,46,46211,grading: 10-20 mm,17.5,3,0.01,3.333333259,FT,1.49380157
Soraya,56,37797,grading: <20 mm,17.5,2,0.01,4.999999888,FT,1.709975933
Soraya,56,43880,grading: <20 mm,17.5,1,0.005,4.999999888,FT,1.709975933
Soraya,56,37905,grading: <20 mm,17.5,2,0.01,4.999999888,FT,1.709975933
Soraya,56,43884,grading: <20 mm,17.5,2,0.01,4.999999888,FT,1.709975933
Soraya,56,38013,grading: <20 mm,17.5,1,0.005,4.999999888,FT,1.709975933
Soraya,39,27354,grading: <25 mm,17.5,1,0.01,9.999999776,FT,2.154434672
Soraya,39,27355,grading: <25 mm,17.5,3,0.02,6.666666518,FT,1.882072043
Soraya,39,27356,grading: <25 mm,17.5,3,0.03,9.999999776,FT,2.154434672
Soraya,39,27357,grading: <25 mm,17.5,5,0.06,11.99999973,FT,2.289428466
Soraya,39,27358,grading: <25 mm,17.5,12,0.08,6.666666518,FT,1.882072043
Soraya,39,27359,grading: <25 mm,17.5,7,0.06,8.57142838,FT,2.046528199
Soraya,39,27360,grading: <25 mm,17.5,2,0.02,9.999999776,FT,2.154434672
Soraya,39,27361,grading: <25 mm,17.5,4,0.04,9.999999776,FT,2.154434672
Soraya,39,27364,grading: <25 mm,17.5,1,0.01,9.999999776,FT,2.154434672
Soraya,39,27365,grading: <25 mm,17.5,1,0.01,9.999999776,FT,2.154434672
Soraya,39,27366,grading: <25 mm,17.5,1,0.01,9.999999776,FT,2.154434672
Soraya,39,27367,grading: <25 mm,17.5,2,0.02,10,FT,2.15443469
Soraya,39,27368,grading: <25 mm,17.5,6,0.03,4.999999888,FT,1.709975933
Soraya,39,27369,grading: <25 mm,17.5,3,0.02,6.666666518,FT,1.882072043
Soraya,39,27370,grading: <25 mm,17.5,5,0.03,5.999999866,FT,1.817120578
Soraya,39,27371,grading: <25 mm,17.5,2,0.01,4.999999888,FT,1.709975933
Soraya,53,41237,grading: <25 mm,17.5,4,0.02,4.999999888,FT,1.709975933
Soraya,53,41262,grading: <25 mm,17.5,6,0.05,8.333333458,FT,2.027400674
Soraya,53,41287,grading: <25 mm,17.5,4,0.025,6.250000093,FT,1.842015757
Soraya,53,41312,grading: <25 mm,17.5,4,0.02,4.999999888,FT,1.709975933
Soraya,53,41337,grading: <25 mm,17.5,3,0.02,6.666666518,FT,1.882072043
Soraya,53,41362,grading: <25 mm,17.5,1,0.005,4.999999888,FT,1.709975933
Soraya,53,41387,grading: <25 mm,17.5,6,0.045,7.500000298,FT,1.957433845
Soraya,53,41412,grading: <25 mm,17.5,4,0.02,4.999999888,FT,1.709975933
Soraya,53,41437,grading: <25 mm,17.5,4,0.025,6.250000093,FT,1.842015757
Soraya,53,41462,grading: <25 mm,17.5,4,0.025,6.250000093,FT,1.842015757
Soraya,53,41537,grading: <25 mm,17.5,3,0.015,4.999999888,FT,1.709975933
Soraya,53,41587,grading: <25 mm,17.5,2,0.01,4.999999888,FT,1.709975933
Soraya,53,41637,grading: <25 mm,17.5,1,0.005,4.999999888,FT,1.709975933
Soraya,53,41662,grading: <25 mm,17.5,4,0.03,7.499999832,FT,1.957433805
Soraya,53,41687,grading: <25 mm,17.5,6,0.025,4.166666729,FT,1.609148982
Soraya,53,41712,grading: <25 mm,17.5,4,0.025,6.250000093,FT,1.842015757
Soraya,53,41737,grading: <25 mm,17.5,3,0.015,4.999999888,FT,1.709975933
Soraya,53,41762,grading: <25 mm,17.5,4,0.025,6.250000093,FT,1.842015757
Soraya,53,41787,grading: <25 mm,17.5,5,0.02,3.999999911,FT,1.587401039
Soraya,53,41812,grading: <25 mm,17.5,4,0.03,7.499999832,FT,1.957433805
Soraya,33,29310,grading: 20-30 mm,25,11,0.115,10.45454564,FT,2.186595185
Soraya,33,29334,grading: 20-30 mm,25,1,0.01,9.999999776,FT,2.154434672
Soraya,33,29358,grading: 20-30 mm,25,3,0.045,15.0000006,FT,2.466212105
Soraya,33,29382,grading: 20-30 mm,25,3,0.04,13.33333304,FT,2.371262183
Soraya,33,29406,grading: 20-30 mm,25,10,0.1,10.00000015,FT,2.154434699
Soraya,33,29454,grading: 20-30 mm,25,2,0.025,12.50000019,FT,2.320794426
Soraya,33,29478,grading: 20-30 mm,25,18,0.23,12.77777801,FT,2.337859707
Soraya,33,29502,grading: 20-30 mm,25,4,0.055,13.74999993,FT,2.395709922
Soraya,33,29526,grading: 20-30 mm,25,10,0.13,12.99999952,FT,2.351334657
Soraya,33,29550,grading: 20-30 mm,25,12,0.165,13.75000055,FT,2.395709958
Soraya,33,29574,grading: 20-30 mm,25,8,0.1,12.50000019,FT,2.320794426
Soraya,33,29598,grading: 20-30 mm,25,1,0.025,25.00000037,FT,2.92401775
Soraya,33,29622,grading: 20-30 mm,25,2,0.015,7.499999832,FT,1.957433805
Soraya,33,29646,grading: 20-30 mm,25,7,0.1,14.2857145,FT,2.426427513
Soraya,34,29670,grading: 20-30 mm,25,11,0.185,16.81818203,FT,2.562081944
Soraya,34,29692,grading: 20-30 mm,25,7,0.1,14.2857145,FT,2.426427513
Soraya,34,29714,grading: 20-30 mm,25,25,0.31,12.4000001,FT,2.314589059
Soraya,34,29736,grading: 20-30 mm,25,3,0.035,11.66666672,FT,2.268030707
Soraya,34,29758,grading: 20-30 mm,25,7,0.095,13.5714284,FT,2.385293655
Soraya,34,29802,grading: 20-30 mm,25,7,0.11,15.71428563,FT,2.504752856
Soraya,34,29824,grading: 20-30 mm,25,29,0.4,13.79310365,FT,2.398210681
Soraya,34,29846,grading: 20-30 mm,25,13,0.18,13.8461544,FT,2.401281397
Soraya,34,29868,grading: 20-30 mm,25,22,0.31,14.0909092,FT,2.415347775
Soraya,34,29890,grading: 20-30 mm,25,19,0.27,14.21052688,FT,2.422163153
Soraya,34,29912,grading: 20-30 mm,25,7,0.11,15.71428563,FT,2.504752856
Soraya,34,29934,grading: 20-30 mm,25,8,0.095,11.87499985,FT,2.281451306
Soraya,34,29956,grading: 20-30 mm,25,13,0.175,13.46153823,FT,2.378838156
Soraya,34,29978,grading: 20-30 mm,25,30,0.415,13.83333306,FT,2.400539984
Soraya,45,45864,grading: 20-30 mm,25,3,0.025,8.333333458,FT,2.027400674
Soraya,45,45865,grading: 20-30 mm,25,8,0.11,13.74999993,FT,2.395709922
Soraya,45,45866,grading: 20-30 mm,25,4,0.04,9.999999776,FT,2.154434672
Soraya,45,45868,grading: 20-30 mm,25,7,0.115,16.42857173,FT,2.54214276
Soraya,45,45869,grading: 20-30 mm,25,3,0.04,13.33333304,FT,2.371262183
Soraya,45,45870,grading: 20-30 mm,25,10,0.135,13.50000054,FT,2.381101607
Soraya,45,45871,grading: 20-30 mm,25,10,0.165,16.50000066,FT,2.545821716
Soraya,45,45872,grading: 20-30 mm,25,1,0.025,25.00000037,FT,2.92401775
Soraya,45,45873,grading: 20-30 mm,25,2,0.035,17.50000007,FT,2.596247052
Soraya,45,45874,grading: 20-30 mm,25,2,0.045,22.50000089,FT,2.823108121
Soraya,45,45875,grading: 20-30 mm,25,6,0.11,18.33333323,FT,2.636819957
Soraya,45,45876,grading: 20-30 mm,25,9,0.13,14.44444391,FT,2.435381159
Soraya,45,45877,grading: 20-30 mm,25,10,0.135,13.50000054,FT,2.381101607
Soraya,45,45878,grading: 20-30 mm,25,4,0.06,14.99999966,FT,2.466212054
Soraya,45,45879,grading: 20-30 mm,25,7,0.08,11.42857117,FT,2.252495742
Soraya,45,45881,grading: 20-30 mm,25,1,0.015,14.99999966,FT,2.466212054
Soraya,46,46227,grading: 20-30 mm,25,9,0.13,14.44444391,FT,2.435381159
Soraya,46,46228,grading: 20-30 mm,25,7,0.095,13.5714284,FT,2.385293655
Soraya,46,46229,grading: 20-30 mm,25,5,0.07,14.00000006,FT,2.410142265
Soraya,46,46230,grading: 20-30 mm,25,6,0.07,11.66666672,FT,2.268030707
Soraya,46,46231,grading: 20-30 mm,25,5,0.06,11.99999973,FT,2.289428466
Soraya,46,46232,grading: 20-30 mm,25,15,0.21,13.99999956,FT,2.410142237
Soraya,46,46233,grading: 20-30 mm,25,6,0.075,12.5000005,FT,2.320794446
Soraya,46,46234,grading: 20-30 mm,25,25,0.3,12.00000048,FT,2.289428514
Soraya,46,46235,grading: 20-30 mm,25,23,0.315,13.69565207,FT,2.39254935
Soraya,46,46236,grading: 20-30 mm,25,25,0.315,12.5999999,FT,2.326966764
Soraya,46,46237,grading: 20-30 mm,25,12,0.15,12.5000005,FT,2.320794446
Soraya,46,46238,grading: 20-30 mm,25,18,0.24,13.33333304,FT,2.371262183
Soraya,46,46239,grading: 20-30 mm,25,15,0.17,11.33333345,FT,2.246221373
Soraya,46,46240,grading: 20-30 mm,25,2,0.025,12.50000019,FT,2.320794426
Soraya,46,46241,grading: 20-30 mm,25,10,0.17,17.00000018,FT,2.571281597
Soraya,56,37799,grading: 20-30 mm,25,14,0.225,16.07142815,FT,2.523586274
Soraya,56,43910,grading: 20-30 mm,25,7,0.115,16.42857173,FT,2.54214276
Soraya,56,37907,grading: 20-30 mm,25,10,0.125,12.5,FT,2.320794415
Soraya,56,43914,grading: 20-30 mm,25,8,0.13,16.2499994,FT,2.532898476
Soraya,56,38015,grading: 20-30 mm,25,7,0.1,14.2857145,FT,2.426427513
Soraya,56,43918,grading: 20-30 mm,25,1,0.015,14.99999966,FT,2.466212054
Soraya,39,27392,grading: 25-35 mm,30,2,0.07,35.00000015,FT,3.271066311
Soraya,39,27393,grading: 25-35 mm,30,3,0.06,19.99999955,FT,2.714417594
Soraya,39,27394,grading: 25-35 mm,30,2,0.05,25.00000037,FT,2.92401775
Soraya,39,27395,grading: 25-35 mm,30,2,0.05,25.00000037,FT,2.92401775
Soraya,39,27396,grading: 25-35 mm,30,5,0.1,20.0000003,FT,2.714417627
Soraya,39,27397,grading: 25-35 mm,30,10,0.17,17.00000018,FT,2.571281597
Soraya,39,27398,grading: 25-35 mm,30,24,0.44,18.33333323,FT,2.636819957
Soraya,39,27399,grading: 25-35 mm,30,15,0.32,21.33333286,FT,2.773445074
Soraya,39,27400,grading: 25-35 mm,30,9,0.2,22.22222255,FT,2.811442229
Soraya,39,27401,grading: 25-35 mm,30,2,0.04,19.99999955,FT,2.714417594
Soraya,39,27402,grading: 25-35 mm,30,9,0.2,22.22222255,FT,2.811442229
Soraya,39,27403,grading: 25-35 mm,30,4,0.06,14.99999966,FT,2.466212054
Soraya,39,27404,grading: 25-35 mm,30,2,0.04,19.99999955,FT,2.714417594
Soraya,39,27406,grading: 25-35 mm,30,4,0.1,25.00000037,FT,2.92401775
Soraya,39,27407,grading: 25-35 mm,30,4,0.1,25.00000037,FT,2.92401775
Soraya,39,27408,grading: 25-35 mm,30,7,0.15,21.42857228,FT,2.777566155
Soraya,39,27409,grading: 25-35 mm,30,8,0.19,23.7499997,FT,2.874448524
Soraya,39,27410,grading: 25-35 mm,30,13,0.23,17.69230801,FT,2.605722502
Soraya,39,27411,grading: 25-35 mm,30,4,0.08,19.99999955,FT,2.714417594
Soraya,53,41264,grading: 25-35 mm,30,6,0.135,22.50000089,FT,2.823108121
Soraya,53,41289,grading: 25-35 mm,30,4,0.085,21.25000022,FT,2.769829135
Soraya,53,41314,grading: 25-35 mm,30,3,0.04,13.33333304,FT,2.371262183
Soraya,53,41339,grading: 25-35 mm,30,9,0.215,23.88888929,FT,2.880040879
Soraya,53,41364,grading: 25-35 mm,30,6,0.08,13.33333304,FT,2.371262183
Soraya,53,41389,grading: 25-35 mm,30,10,0.2,20.0000003,FT,2.714417627
Soraya,53,41414,grading: 25-35 mm,30,5,0.105,20.99999934,FT,2.758924145
Soraya,53,41439,grading: 25-35 mm,30,7,0.145,20.71428512,FT,2.746354842
Soraya,53,41464,grading: 25-35 mm,30,4,0.07,17.50000007,FT,2.596247052
Soraya,53,41489,grading: 25-35 mm,30,1,0.025,25.00000037,FT,2.92401775
Soraya,53,41514,grading: 25-35 mm,30,9,0.21,23.3333326,FT,2.857539595
Soraya,53,41539,grading: 25-35 mm,30,4,0.1,25.00000037,FT,2.92401775
Soraya,53,41564,grading: 25-35 mm,30,10,0.2,20.0000003,FT,2.714417627
Soraya,53,41589,grading: 25-35 mm,30,8,0.145,18.12499948,FT,2.626793909
Soraya,53,41614,grading: 25-35 mm,30,4,0.085,21.25000022,FT,2.769829135
Soraya,53,41639,grading: 25-35 mm,30,8,0.14,17.50000007,FT,2.596247052
Soraya,53,41664,grading: 25-35 mm,30,6,0.125,20.83333333,FT,2.751606038
Soraya,53,41689,grading: 25-35 mm,30,5,0.105,20.99999934,FT,2.758924145
Soraya,53,41714,grading: 25-35 mm,30,7,0.16,22.85714235,FT,2.8379668
Soraya,53,41739,grading: 25-35 mm,30,5,0.105,20.99999934,FT,2.758924145
Soraya,53,41764,grading: 25-35 mm,30,1,0.02,19.99999955,FT,2.714417594
Soraya,53,41789,grading: 25-35 mm,30,2,0.045,22.50000089,FT,2.823108121
Soraya,53,41814,grading: 25-35 mm,30,5,0.1,20.0000003,FT,2.714417627
Soraya,33,29312,grading: 30-40 mm,35,13,0.415,31.92307628,FT,3.172256126
Soraya,33,29336,grading: 30-40 mm,35,5,0.14,28.00000012,FT,3.036588973
Soraya,33,29360,grading: 30-40 mm,35,13,0.465,35.76923104,FT,3.294856724
Soraya,33,29384,grading: 30-40 mm,35,3,0.11,36.66666647,FT,3.322184968
Soraya,33,29408,grading: 30-40 mm,35,13,0.425,32.69230861,FT,3.197534184
Soraya,33,29432,grading: 30-40 mm,35,1,0.04,39.99999911,FT,3.419951864
Soraya,33,29456,grading: 30-40 mm,35,9,0.285,31.66666627,FT,3.163739969
Soraya,33,29480,grading: 30-40 mm,35,20,0.725,36.25000119,FT,3.309553006
Soraya,33,29504,grading: 30-40 mm,35,11,0.37,33.63636407,FT,3.228020972
Soraya,33,29528,grading: 30-40 mm,35,25,0.905,36.19999886,FT,3.308030602
Soraya,33,29552,grading: 30-40 mm,35,25,0.925,37.00000048,FT,3.332221862
Soraya,33,29576,grading: 30-40 mm,35,16,0.535,33.43750164,FT,3.221646905
Soraya,33,29600,grading: 30-40 mm,35,2,0.065,32.49999881,FT,3.191252107
Soraya,33,29624,grading: 30-40 mm,35,2,0.07,35.00000015,FT,3.271066311
Soraya,33,29648,grading: 30-40 mm,35,13,0.51,39.2307685,FT,3.397887048
Soraya,34,29672,grading: 30-40 mm,35,25,0.88,35.19999981,FT,3.277285073
Soraya,34,29694,grading: 30-40 mm,35,18,0.665,36.94444564,FT,3.330553269
Soraya,34,29716,grading: 30-40 mm,35,54,1.79,33.14814744,FT,3.21232704
Soraya,34,29738,grading: 30-40 mm,35,8,0.26,32.49999881,FT,3.191252107
Soraya,34,29760,grading: 30-40 mm,35,17,0.62,36.47058852,FT,3.316252497
Soraya,34,29782,grading: 30-40 mm,35,7,0.29,41.42857024,FT,3.460190275
Soraya,34,29804,grading: 30-40 mm,35,13,0.45,34.6153837,FT,3.25904019
Soraya,34,29826,grading: 30-40 mm,35,41,1.37,33.41463426,FT,3.220912327
Soraya,34,29848,grading: 30-40 mm,35,30,0.98,32.6666673,FT,3.196698
Soraya,34,29870,grading: 30-40 mm,35,33,1.08,32.72727403,FT,3.198673731
Soraya,34,29892,grading: 30-40 mm,35,38,1.245,32.76315802,FT,3.199842372
Soraya,34,29914,grading: 30-40 mm,35,11,0.335,30.45454621,FT,3.122847024
Soraya,34,29936,grading: 30-40 mm,35,16,0.515,32.18749911,FT,3.180990785
Soraya,34,29958,grading: 30-40 mm,35,18,0.54,30.00000119,FT,3.107232544
Soraya,34,29980,grading: 30-40 mm,35,30,1.075,35.83333492,FT,3.296823843
Soraya,45,45900,grading: 30-40 mm,35,7,0.25,35.71428571,FT,3.293168776
Soraya,45,45901,grading: 30-40 mm,35,5,0.15,30.00000119,FT,3.107232544
Soraya,45,45902,grading: 30-40 mm,35,12,0.375,31.25,FT,3.149802621
Soraya,45,45903,grading: 30-40 mm,35,3,0.12,39.99999911,FT,3.419951864
Soraya,45,45904,grading: 30-40 mm,35,14,0.645,46.07142721,FT,3.584901452
Soraya,45,45905,grading: 30-40 mm,35,5,0.19,37.99999952,FT,3.361975389
Soraya,45,45906,grading: 30-40 mm,35,13,0.485,37.30769341,FT,3.341433322
Soraya,45,45907,grading: 30-40 mm,35,10,0.35,34.9999994,FT,3.271066288
Soraya,45,45908,grading: 30-40 mm,35,7,0.25,35.71428571,FT,3.293168776
Soraya,45,45909,grading: 30-40 mm,35,5,0.185,37.00000048,FT,3.332221862
Soraya,45,45910,grading: 30-40 mm,35,3,0.13,43.33333174,FT,3.512427429
Soraya,45,45911,grading: 30-40 mm,35,17,0.805,47.3529416,FT,3.617836925
Soraya,45,45912,grading: 30-40 mm,35,7,0.275,39.28571514,FT,3.399472669
Soraya,45,45913,grading: 30-40 mm,35,7,0.25,35.71428571,FT,3.293168776
Soraya,45,45914,grading: 30-40 mm,35,2,0.08,39.99999911,FT,3.419951864
Soraya,45,45915,grading: 30-40 mm,35,11,0.41,37.27272695,FT,3.340389081
Soraya,45,45916,grading: 30-40 mm,35,2,0.075,37.50000149,FT,3.347164791
Soraya,45,45917,grading: 30-40 mm,35,3,0.11,36.66666647,FT,3.322184968
Soraya,46,46257,grading: 30-40 mm,35,27,0.97,35.92592699,FT,3.299661026
Soraya,46,46258,grading: 30-40 mm,35,20,0.615,30.75000048,FT,3.132913291
Soraya,46,46259,grading: 30-40 mm,35,15,0.63,41.99999968,FT,3.476026632
Soraya,46,46260,grading: 30-40 mm,35,14,0.485,34.64285816,FT,3.259902203
Soraya,46,46261,grading: 30-40 mm,35,16,0.52,32.49999881,FT,3.191252107
Soraya,46,46262,grading: 30-40 mm,35,27,1.06,39.25925714,FT,3.398709343
Soraya,46,46263,grading: 30-40 mm,35,8,0.23,28.75000052,FT,3.063462853
Soraya,46,46264,grading: 30-40 mm,35,26,0.895,34.42307619,FT,3.252993725
Soraya,46,46265,grading: 30-40 mm,35,20,0.68,34.00000036,FT,3.239611809
Soraya,46,46266,grading: 30-40 mm,35,38,1.26,33.15789449,FT,3.212641866
Soraya,46,46267,grading: 30-40 mm,35,37,1.46,39.45946049,FT,3.404476812
Soraya,46,46268,grading: 30-40 mm,35,34,1.25,36.76470588,FT,3.325143288
Soraya,46,46269,grading: 30-40 mm,35,16,0.565,35.31249985,FT,3.280772787
Soraya,46,46270,grading: 30-40 mm,35,13,0.5,38.46153846,FT,3.375531902
Soraya,46,46271,grading: 30-40 mm,35,10,0.415,41.49999917,FT,3.462177759
Soraya,56,37801,grading: 30-40 mm,35,36,1.435,39.86110952,FT,3.415988976
Soraya,56,43940,grading: 30-40 mm,35,19,0.84,44.21052494,FT,3.535969877
Soraya,56,37909,grading: 30-40 mm,35,20,0.89,44.49999928,FT,3.543670507
Soraya,56,43944,grading: 30-40 mm,35,16,0.565,35.31249985,FT,3.280772787
Soraya,56,38017,grading: 30-40 mm,35,28,1.165,41.60714149,FT,3.465154683
Soraya,56,43948,grading: 30-40 mm,35,13,0.535,41.15384817,FT,3.452524876
Soraya,39,27432,grading: 35-45 mm,40,12,0.55,45.83333433,FT,3.578715303
Soraya,39,27433,grading: 35-45 mm,40,3,0.14,46.66666687,FT,3.600274328
Soraya,39,27434,grading: 35-45 mm,40,19,0.88,46.31578922,FT,3.591228363
Soraya,39,27435,grading: 35-45 mm,40,4,0.25,62.5,FT,3.968502624
Soraya,39,27436,grading: 35-45 mm,40,9,0.53,58.88888571,FT,3.89055099
Soraya,39,27437,grading: 35-45 mm,40,13,0.51,39.2307685,FT,3.397887048
Soraya,39,27438,grading: 35-45 mm,40,16,0.66,41.25000164,FT,3.455211656
Soraya,39,27439,grading: 35-45 mm,40,29,1.31,45.17241182,FT,3.561430107
Soraya,39,27440,grading: 35-45 mm,40,9,0.42,46.66666521,FT,3.600274285
Soraya,39,27441,grading: 35-45 mm,40,14,0.62,44.28571463,FT,3.537973306
Soraya,39,27442,grading: 35-45 mm,40,19,0.82,43.15789436,FT,3.507680933
Soraya,39,27443,grading: 35-45 mm,40,6,0.32,53.33333214,FT,3.764144082
Soraya,39,27444,grading: 35-45 mm,40,5,0.27,54.00000215,FT,3.779763195
Soraya,39,27445,grading: 35-45 mm,40,8,0.29,36.24999896,FT,3.309552938
Soraya,39,27446,grading: 35-45 mm,40,8,0.36,45.00000179,FT,3.556893347
Soraya,39,27447,grading: 35-45 mm,40,15,0.74,49.33333397,FT,3.667584721
Soraya,39,27448,grading: 35-45 mm,40,19,0.89,46.84210451,FT,3.604780284
Soraya,39,27449,grading: 35-45 mm,40,3,0.13,43.33333174,FT,3.512427429
Soraya,39,27450,grading: 35-45 mm,40,28,1.27,45.35714218,FT,3.566278268
Soraya,39,27451,grading: 35-45 mm,40,3,0.13,43.33333174,FT,3.512427429
Soraya,53,41241,grading: 35-45 mm,40,11,0.32,29.09090844,FT,3.075523813
Soraya,53,41266,grading: 35-45 mm,40,7,0.345,49.28571412,FT,3.666404275
Soraya,53,41291,grading: 35-45 mm,40,8,0.405,50.62500015,FT,3.69931811
Soraya,53,41316,grading: 35-45 mm,40,6,0.305,50.83333453,FT,3.704385701
Soraya,53,41341,grading: 35-45 mm,40,8,0.415,51.87499896,FT,3.729517933
Soraya,53,41366,grading: 35-45 mm,40,12,0.625,52.08333333,FT,3.734503951
Soraya,53,41391,grading: 35-45 mm,40,10,0.51,50.99999905,FT,3.708429741
Soraya,53,41416,grading: 35-45 mm,40,10,0.505,50.49999952,FT,3.696270879
Soraya,53,41441,grading: 35-45 mm,40,18,0.855,47.50000106,FT,3.621578244
Soraya,53,41466,grading: 35-45 mm,40,4,0.19,47.4999994,FT,3.621578202
Soraya,53,41491,grading: 35-45 mm,40,10,0.465,46.50000036,FT,3.595983179
Soraya,53,41516,grading: 35-45 mm,40,2,0.07,35.00000015,FT,3.271066311
Soraya,53,41541,grading: 35-45 mm,40,8,0.405,50.62500015,FT,3.69931811
Soraya,53,41566,grading: 35-45 mm,40,15,0.765,50.99999905,FT,3.708429741
Soraya,53,41591,grading: 35-45 mm,40,6,0.305,50.83333453,FT,3.704385701
Soraya,53,41616,grading: 35-45 mm,40,3,0.185,61.66666746,FT,3.950785876
Soraya,53,41641,grading: 35-45 mm,40,15,0.795,53.00000111,FT,3.756285776
Soraya,53,41666,grading: 35-45 mm,40,5,0.24,47.99999893,FT,3.634241154
Soraya,53,41691,grading: 35-45 mm,40,10,0.505,50.49999952,FT,3.696270879
Soraya,53,41716,grading: 35-45 mm,40,13,0.6,46.15384799,FT,3.587037948
Soraya,53,41741,grading: 35-45 mm,40,11,0.55,50.00000108,FT,3.68403152
Soraya,53,41766,grading: 35-45 mm,40,5,0.245,49.00000095,FT,3.659305729
Soraya,53,41791,grading: 35-45 mm,40,2,0.075,37.50000149,FT,3.347164791
Soraya,53,41816,grading: 35-45 mm,40,6,0.285,47.4999994,FT,3.621578202
Soraya,33,29314,grading: 40-50 mm,45,24,1.79,74.58333174,FT,4.209339222
Soraya,33,29338,grading: 40-50 mm,45,6,0.405,67.5000002,FT,4.071626423
Soraya,33,29362,grading: 40-50 mm,45,27,1.855,68.70370441,FT,4.095686602
Soraya,33,29386,grading: 40-50 mm,45,7,0.53,75.71428163,FT,4.230508787
Soraya,33,29410,grading: 40-50 mm,45,12,0.925,77.08333433,FT,4.255855072
Soraya,33,29434,grading: 40-50 mm,45,2,0.175,87.49999851,FT,4.439519977
Soraya,33,29458,grading: 40-50 mm,45,19,1.45,76.31579198,FT,4.241682309
Soraya,33,29482,grading: 40-50 mm,45,29,2.1,72.41378981,FT,4.168122028
Soraya,33,29506,grading: 40-50 mm,45,30,2.365,78.83333365,FT,4.287820833
Soraya,33,29530,grading: 40-50 mm,45,27,2.06,76.29629418,FT,4.241321045
Soraya,33,29554,grading: 40-50 mm,45,25,1.985,79.40000057,FT,4.298070167
Soraya,33,29578,grading: 40-50 mm,45,14,1.12,80.00000034,FT,4.30886938
Soraya,33,29602,grading: 40-50 mm,45,8,0.68,85.00000089,FT,4.396829681
Soraya,33,29626,grading: 40-50 mm,45,8,0.67,83.75000209,FT,4.375170091
Soraya,33,29650,grading: 40-50 mm,45,19,1.465,77.10526491,FT,4.256258637
Soraya,34,29674,grading: 40-50 mm,45,60,4.63,77.16666857,FT,4.257388178
Soraya,34,29696,grading: 40-50 mm,45,43,3.14,73.02325825,FT,4.179782998
Soraya,34,29718,grading: 40-50 mm,45,74,5.525,74.66216345,FT,4.210821736
Soraya,34,29740,grading: 40-50 mm,45,11,0.77,69.99999827,FT,4.12128526
Soraya,34,29762,grading: 40-50 mm,45,50,4.68,93.59999657,FT,4.540377299
Soraya,34,29784,grading: 40-50 mm,45,12,0.995,82.91666706,FT,4.36061032
Soraya,34,29806,grading: 40-50 mm,45,31,2.495,80.48386728,FT,4.317539088
Soraya,34,29828,grading: 40-50 mm,45,82,6.13,74.75609896,FT,4.212586931
Soraya,34,29850,grading: 40-50 mm,45,44,3.195,72.61363485,FT,4.171952852
Soraya,34,29872,grading: 40-50 mm,45,58,4.2,72.41378981,FT,4.168122028
Soraya,34,29894,grading: 40-50 mm,45,74,5.325,71.95945688,FT,4.159386632
Soraya,34,29916,grading: 40-50 mm,45,45,3.265,72.55555789,FT,4.170840301
Soraya,34,29938,grading: 40-50 mm,45,32,2.46,76.87500119,FT,4.252017512
Soraya,34,29960,grading: 40-50 mm,45,43,3.27,76.04651118,FT,4.236687495
Soraya,34,29982,grading: 40-50 mm,45,69,4.835,70.07246432,FT,4.122706928
Soraya,45,45936,grading: 40-50 mm,45,11,0.85,77.27272944,FT,4.259337791
Soraya,45,45937,grading: 40-50 mm,45,14,1.21,86.42857415,FT,4.42132509
Soraya,45,45938,grading: 40-50 mm,45,21,1.625,77.38095238,FT,4.26132531
Soraya,45,45939,grading: 40-50 mm,45,12,0.905,75.41666428,FT,4.22495842
Soraya,45,45940,grading: 40-50 mm,45,34,3.295,96.91176695,FT,4.59330732
Soraya,45,45941,grading: 40-50 mm,45,9,0.68,75.55555635,FT,4.227550479
Soraya,45,45942,grading: 40-50 mm,45,14,1.16,82.85714047,FT,4.359566564
Soraya,45,45943,grading: 40-50 mm,45,16,1.12,70.0000003,FT,4.1212853
Soraya,45,45944,grading: 40-50 mm,45,9,0.725,80.5555582,FT,4.318820656
Soraya,45,45945,grading: 40-50 mm,45,13,1.09,83.84615641,FT,4.376843845
Soraya,45,45946,grading: 40-50 mm,45,7,0.7,99.9999983,FT,4.6415888
Soraya,45,45947,grading: 40-50 mm,45,26,2.54,97.69230623,FT,4.605606048
Soraya,45,45948,grading: 40-50 mm,45,36,3.405,94.58333254,FT,4.556221929
Soraya,45,45949,grading: 40-50 mm,45,18,1.505,83.61111085,FT,4.372750155
Soraya,45,45950,grading: 40-50 mm,45,13,1.125,86.53846154,FT,4.42319809
Soraya,45,45951,grading: 40-50 mm,45,26,1.99,76.53846191,FT,4.245803684
Soraya,45,45952,grading: 40-50 mm,45,7,0.645,92.14285442,FT,4.5166928
Soraya,45,45953,grading: 40-50 mm,45,9,0.7,77.77777645,FT,4.268597186
Soraya,46,46287,grading: 40-50 mm,45,43,3.045,70.81395526,FT,4.137197785
Soraya,46,46288,grading: 40-50 mm,45,43,3.495,81.27906711,FT,4.331711952
Soraya,46,46289,grading: 40-50 mm,45,31,2.585,83.387098,FT,4.368841471
Soraya,46,46290,grading: 40-50 mm,45,20,1.535,76.74999833,FT,4.249711593
Soraya,46,46291,grading: 40-50 mm,45,14,1.07,76.42857518,FT,4.243770802
Soraya,46,46292,grading: 40-50 mm,45,41,3.445,84.02438862,FT,4.379942943
Soraya,46,46293,grading: 40-50 mm,45,15,1.095,73.00000191,FT,4.179339227
Soraya,46,46294,grading: 40-50 mm,45,56,4.115,73.48213877,FT,4.188520019
Soraya,46,46295,grading: 40-50 mm,45,44,3.25,73.86363636,FT,4.195756031
Soraya,46,46296,grading: 40-50 mm,45,42,3.2,76.19047733,FT,4.239359347
Soraya,46,46297,grading: 40-50 mm,45,52,4.02,77.30769194,FT,4.259980082
Soraya,46,46298,grading: 40-50 mm,45,52,4.09,78.65384909,FT,4.284564248
Soraya,46,46299,grading: 40-50 mm,45,34,2.685,78.97058655,FT,4.29030783
Soraya,46,46300,grading: 40-50 mm,45,15,1.275,84.99999841,FT,4.396829638
Soraya,46,46301,grading: 40-50 mm,45,41,3.415,83.292682,FT,4.367191957
Soraya,56,37803,grading: 40-50 mm,45,43,3.48,80.930233,FT,4.325506108
Soraya,56,43970,grading: 40-50 mm,45,41,3.13,76.34146621,FT,4.242157919
Soraya,56,37911,grading: 40-50 mm,45,26,2.06,79.23076703,FT,4.295014353
Soraya,56,43974,grading: 40-50 mm,45,38,3.1,81.57894486,FT,4.337032674
Soraya,56,38019,grading: 40-50 mm,45,31,2.205,71.1290298,FT,4.143324624
Soraya,56,43978,grading: 40-50 mm,45,23,1.9,82.60869462,FT,4.355204837
Soraya,32,20047,grading: 45-50 mm,47.5,44,3.87,87.95454285,FT,4.447194165
Soraya,32,20323,grading: 45-50 mm,47.5,27,2.31,85.55555344,FT,4.406387985
Soraya,32,20078,grading: 45-50 mm,47.5,22,1.88,85.45454524,FT,4.404653219
Soraya,32,20339,grading: 45-50 mm,47.5,18,1.59,88.33333519,FT,4.453569241
Soraya,32,20109,grading: 45-50 mm,47.5,23,2.02,87.82608613,FT,4.445028083
Soraya,32,20355,grading: 45-50 mm,47.5,14,1.16,82.85714047,FT,4.359566564
Soraya,32,20140,grading: 45-50 mm,47.5,11,0.92,83.63636515,FT,4.373190366
Soraya,32,20371,grading: 45-50 mm,47.5,21,1.72,81.90476327,FT,4.3427989
Soraya,32,20171,grading: 45-50 mm,47.5,34,2.94,86.47058992,FT,4.422041425
Soraya,32,20387,grading: 45-50 mm,47.5,34,2.7,79.41176611,FT,4.298282454
Soraya,32,20202,grading: 45-50 mm,47.5,21,1.75,83.33333333,FT,4.367902317
Soraya,32,20403,grading: 45-50 mm,47.5,24,2.1,87.49999603,FT,4.439519935
Soraya,32,20233,grading: 45-50 mm,47.5,23,1.97,85.65217516,FT,4.408046138
Soraya,32,20419,grading: 45-50 mm,47.5,27,2.17,80.3703732,FT,4.315508679
Soraya,32,20263,grading: 45-50 mm,47.5,25,2.12,84.79999542,FT,4.393378384
Soraya,32,20435,grading: 45-50 mm,47.5,18,1.48,82.22222328,FT,4.348402512
Soraya,32,20295,grading: 45-50 mm,47.5,26,2.27,87.30769157,FT,4.436265208
Soraya,32,20451,grading: 45-50 mm,47.5,13,1.16,89.23076666,FT,4.468600614
Soraya,39,27472,grading: 45-55 mm,50,18,1.49,82.77777831,FT,4.358174227
Soraya,39,27473,grading: 45-55 mm,50,9,0.8,88.88889021,FT,4.462886349
Soraya,39,27474,grading: 45-55 mm,50,21,2.04,97.14285533,FT,4.596955372
Soraya,39,27475,grading: 45-55 mm,50,2,0.18,90.00000358,FT,4.481404799
Soraya,39,27476,grading: 45-55 mm,50,20,2.1,104.9999952,FT,4.717693902
Soraya,39,27477,grading: 45-55 mm,50,24,1.96,81.66666826,FT,4.338586681
Soraya,39,27478,grading: 45-55 mm,50,24,1.97,82.08333453,FT,4.34595271
Soraya,39,27479,grading: 45-55 mm,50,23,1.81,78.69564969,FT,4.285323124
Soraya,39,27480,grading: 45-55 mm,50,10,0.91,91.00000262,FT,4.497941482
Soraya,39,27481,grading: 45-55 mm,50,19,1.64,86.31578872,FT,4.419401042
Soraya,39,27482,grading: 45-55 mm,50,27,2.38,88.14815239,FT,4.450454896
Soraya,39,27483,grading: 45-55 mm,50,18,1.69,93.88889207,FT,4.545043778
Soraya,39,27484,grading: 45-55 mm,50,11,1.05,95.45454112,FT,4.57016834
Soraya,39,27485,grading: 45-55 mm,50,13,1.22,93.84615605,FT,4.544354075
Soraya,39,27486,grading: 45-55 mm,50,24,2.08,86.66666349,FT,4.425381254
Soraya,39,27487,grading: 45-55 mm,50,23,2.23,96.95652257,FT,4.594014302
Soraya,39,27488,grading: 45-55 mm,50,30,2.71,90.3333346,FT,4.486930543
Soraya,39,27489,grading: 45-55 mm,50,11,1.01,91.81818095,FT,4.511381568
Soraya,39,27490,grading: 45-55 mm,50,26,2.4,92.30769598,FT,4.519384617
Soraya,39,27491,grading: 45-55 mm,50,17,1.49,87.64705938,FT,4.442005746
Soraya,53,41243,grading: 45-55 mm,50,14,1.365,97.50000068,FT,4.602582045
Soraya,53,41268,grading: 45-55 mm,50,14,1.295,92.49999693,FT,4.522520791
Soraya,53,41293,grading: 45-55 mm,50,13,1.07,82.30769634,FT,4.349908766
Soraya,53,41318,grading: 45-55 mm,50,23,2.08,90.43477929,FT,4.488609528
Soraya,53,41343,grading: 45-55 mm,50,17,1.63,95.88235266,FT,4.576985746
Soraya,53,41368,grading: 45-55 mm,50,13,1.51,116.1538454,FT,4.879154047
Soraya,53,41393,grading: 45-55 mm,50,22,2.075,94.31818399,FT,4.551960409
Soraya,53,41418,grading: 45-55 mm,50,35,3.61,103.1428541,FT,4.689714245
Soraya,53,41443,grading: 45-55 mm,50,35,3.335,95.28571538,FT,4.567472406
Soraya,53,41468,grading: 45-55 mm,50,18,1.92,106.6666643,FT,4.742524363
Soraya,53,41493,grading: 45-55 mm,50,14,1.27,90.71428435,FT,4.493229059
Soraya,53,41518,grading: 45-55 mm,50,17,1.78,104.7058807,FT,4.713284885
Soraya,53,41543,grading: 45-55 mm,50,20,1.775,88.74999881,FT,4.460560676
Soraya,53,41568,grading: 45-55 mm,50,24,2.475,103.124996,FT,4.689443571
Soraya,53,41593,grading: 45-55 mm,50,19,1.815,95.5263188,FT,4.571313576
Soraya,53,41618,grading: 45-55 mm,50,20,2.11,105.4999948,FT,4.725170443
Soraya,53,41643,grading: 45-55 mm,50,39,3.865,99.10256435,FT,4.627661991
Soraya,53,41668,grading: 45-55 mm,50,27,2.52,93.33333263,FT,4.536061392
Soraya,53,41693,grading: 45-55 mm,50,29,3.16,108.9655202,FT,4.776352435
Soraya,53,41718,grading: 45-55 mm,50,22,2.03,92.27272597,FT,4.518813834
Soraya,53,41743,grading: 45-55 mm,50,28,2.655,94.82142755,FT,4.560041857
Soraya,53,41768,grading: 45-55 mm,50,19,1.98,104.2105273,FT,4.705840436
Soraya,53,41793,grading: 45-55 mm,50,19,1.885,99.21052581,FT,4.629341826
Soraya,53,41818,grading: 45-55 mm,50,21,2.005,95.47619593,FT,4.57051391
Soraya,32,20045,grading: 50-60 mm,55,52,7.44,143.0769242,FT,5.230259027
Soraya,32,20321,grading: 50-60 mm,55,69,9.26,134.2029019,FT,5.119811461
Soraya,32,20076,grading: 50-60 mm,55,74,10.84,146.4864885,FT,5.271479502
Soraya,32,20337,grading: 50-60 mm,55,74,10.35,139.86487,FT,5.190822933
Soraya,32,20107,grading: 50-60 mm,55,54,8.03,148.7036988,FT,5.297942693
Soraya,32,20353,grading: 50-60 mm,55,61,8.25,135.2459016,FT,5.133040653
Soraya,32,20138,grading: 50-60 mm,55,65,8.98,138.1538391,FT,5.169568788
Soraya,32,20369,grading: 50-60 mm,55,50,7.23,144.6000004,FT,5.248752534
Soraya,32,20169,grading: 50-60 mm,55,79,11.28,142.7848067,FT,5.226697095
Soraya,32,20385,grading: 50-60 mm,55,80,11.38,142.2500014,FT,5.220163341
Soraya,32,20200,grading: 50-60 mm,55,98,13.6,138.7755141,FT,5.177311324
Soraya,32,20401,grading: 50-60 mm,55,72,10.62,147.4999984,FT,5.283608999
Soraya,32,20231,grading: 50-60 mm,55,74,10.56,142.7027084,FT,5.225695155
Soraya,32,20417,grading: 50-60 mm,55,65,8.97,138.0000041,FT,5.167649295
Soraya,32,20261,grading: 50-60 mm,55,75,10.44,139.1999944,FT,5.18258466
Soraya,32,20433,grading: 50-60 mm,55,57,7.9,138.5964929,FT,5.175084112
Soraya,32,20293,grading: 50-60 mm,55,67,9.53,142.238802,FT,5.220026341
Soraya,32,20449,grading: 50-60 mm,55,63,9.29,147.4603169,FT,5.283135144
Soraya,33,29316,grading: 50-60 mm,55,15,2.13,142.0000076,FT,5.217103531
Soraya,33,29340,grading: 50-60 mm,55,2,0.38,189.9999976,FT,5.748897045
Soraya,33,29364,grading: 50-60 mm,55,32,4.635,144.8437572,FT,5.251700207
Soraya,33,29388,grading: 50-60 mm,55,12,1.54,128.3333302,FT,5.044055084
Soraya,33,29412,grading: 50-60 mm,55,8,1.19,148.7500072,FT,5.298492587
Soraya,33,29436,grading: 50-60 mm,55,7,1.085,155.0000054,FT,5.371685409
Soraya,33,29460,grading: 50-60 mm,55,7,1.08,154.2857204,FT,5.363421273
Soraya,33,29484,grading: 50-60 mm,55,10,1.345,134.5000029,FT,5.123586789
Soraya,33,29508,grading: 50-60 mm,55,13,1.695,130.3846194,FT,5.070787999
Soraya,33,29532,grading: 50-60 mm,55,18,2.3,127.7777751,FT,5.036765983
Soraya,33,29556,grading: 50-60 mm,55,14,1.8,128.5714252,FT,5.047172544
Soraya,33,29580,grading: 50-60 mm,55,12,1.715,142.9166694,FT,5.228305563
Soraya,33,29604,grading: 50-60 mm,55,9,1.365,151.6666677,FT,5.332899274
Soraya,33,29628,grading: 50-60 mm,55,8,1.155,144.3749964,FT,5.246028691
Soraya,33,29652,grading: 50-60 mm,55,14,1.86,132.8571439,FT,5.102640479
Soraya,34,29676,grading: 50-60 mm,55,46,6.435,139.8913031,FT,5.191149917
Soraya,34,29698,grading: 50-60 mm,55,32,4.4,137.500003,FT,5.161400606
Soraya,34,29720,grading: 50-60 mm,55,58,8.09,139.4827613,FT,5.186091537
Soraya,34,29742,grading: 50-60 mm,55,31,4.82,155.4838765,FT,5.377269286
Soraya,34,29764,grading: 50-60 mm,55,46,6.82,148.2608733,FT,5.292678541
Soraya,34,29786,grading: 50-60 mm,55,21,3.16,150.4761946,FT,5.318909478
Soraya,34,29808,grading: 50-60 mm,55,42,5.805,138.2142816,FT,5.170322576
Soraya,34,29830,grading: 50-60 mm,55,66,9.105,137.9545385,FT,5.16708172
Soraya,34,29852,grading: 50-60 mm,55,52,7.135,137.2115429,FT,5.157788726
Soraya,34,29874,grading: 50-60 mm,55,53,9.06,170.9434041,FT,5.549886676
Soraya,34,29896,grading: 50-60 mm,55,43,5.84,135.813957,FT,5.140217157
Soraya,34,29918,grading: 50-60 mm,55,45,6.205,137.8888872,FT,5.166261934
Soraya,34,29940,grading: 50-60 mm,55,23,3.34,145.2173876,FT,5.256211989
Soraya,34,29962,grading: 50-60 mm,55,52,7.21,138.6538469,FT,5.175797865
Soraya,34,29984,grading: 50-60 mm,55,61,8.33,136.5573758,FT,5.149578941
Soraya,45,45972,grading: 50-60 mm,55,18,2.725,151.3888836,FT,5.329641471
Soraya,45,45973,grading: 50-60 mm,55,21,3.115,148.3333338,FT,5.293540642
Soraya,45,45974,grading: 50-60 mm,55,25,3.525,141.0000038,FT,5.204827902
Soraya,45,45975,grading: 50-60 mm,55,10,1.485,148.5000014,FT,5.295522511
Soraya,45,45976,grading: 50-60 mm,55,19,3.12,164.2105203,FT,5.476044789
Soraya,45,45977,grading: 50-60 mm,55,10,1.565,156.5000057,FT,5.388957831
Soraya,45,45978,grading: 50-60 mm,55,26,4.225,162.4999963,FT,5.456964365
Soraya,45,45979,grading: 50-60 mm,55,28,4.11,146.7857191,FT,5.275066442
Soraya,45,45980,grading: 50-60 mm,55,16,2.42,151.2500048,FT,5.328011231
Soraya,45,45981,grading: 50-60 mm,55,13,2.125,163.4615385,FT,5.46770649
Soraya,45,45982,grading: 50-60 mm,55,8,1.125,140.625,FT,5.200209549
Soraya,45,45983,grading: 50-60 mm,55,30,5.765,192.1666622,FT,5.770667014
Soraya,45,45984,grading: 50-60 mm,55,20,3.12,155.9999943,FT,5.383212537
Soraya,45,45985,grading: 50-60 mm,55,22,3.25,147.7272727,FT,5.286321343
Soraya,45,45986,grading: 50-60 mm,55,29,4.37,150.6896512,FT,5.32142332
Soraya,45,45987,grading: 50-60 mm,55,28,4.215,150.5357197,FT,5.319610735
Soraya,45,45988,grading: 50-60 mm,55,12,1.745,145.4166671,FT,5.258615228
Soraya,45,45989,grading: 50-60 mm,55,4,0.665,166.2500054,FT,5.498622294
Soraya,46,46317,grading: 50-60 mm,55,79,13.235,167.5316412,FT,5.512715927
Soraya,46,46318,grading: 50-60 mm,55,95,13.7,144.2105243,FT,5.24403584
Soraya,46,46319,grading: 50-60 mm,55,35,5.08,145.142855,FT,5.255312587
Soraya,46,46320,grading: 50-60 mm,55,55,8.085,147.0000007,FT,5.277632087
Soraya,46,46321,grading: 50-60 mm,55,32,5.035,157.3437452,FT,5.398624986
Soraya,46,46322,grading: 50-60 mm,55,48,7.755,161.5625024,FT,5.446450025
Soraya,46,46323,grading: 50-60 mm,55,21,3.08,146.666663,FT,5.273639877
Soraya,46,46324,grading: 50-60 mm,55,115,15.245,132.5652164,FT,5.098900388
Soraya,46,46325,grading: 50-60 mm,55,64,9.515,148.6718804,FT,5.297564796
Soraya,46,46326,grading: 50-60 mm,55,56,8.13,145.1785735,FT,5.255743649
Soraya,46,46327,grading: 50-60 mm,55,51,7.05,138.2352979,FT,5.170584622
Soraya,46,46328,grading: 50-60 mm,55,93,13.015,139.9462403,FT,5.191829372
Soraya,46,46329,grading: 50-60 mm,55,63,8.675,137.6984157,FT,5.16388205
Soraya,46,46330,grading: 50-60 mm,55,19,2.88,151.5789534,FT,5.331871006
Soraya,46,46331,grading: 50-60 mm,55,32,5.07,158.4375054,FT,5.411105455
Soraya,56,37805,grading: 50-60 mm,55,25,3.48,139.2000008,FT,5.182584739
Soraya,56,44000,grading: 50-60 mm,55,33,4.675,141.6666724,FT,5.21301807
Soraya,56,37913,grading: 50-60 mm,55,38,5.05,132.8947419,FT,5.103121775
Soraya,56,44004,grading: 50-60 mm,55,37,5.26,142.1621683,FT,5.219088713
Soraya,56,38021,grading: 50-60 mm,55,28,3.53,126.0714275,FT,5.01424507
Soraya,56,44008,grading: 50-60 mm,55,30,4.46,148.6666679,FT,5.297502884
Soraya,39,27512,grading: 55-65 mm,60,20,3.25,162.5,FT,5.456964406
Soraya,39,27513,grading: 55-65 mm,60,9,1.4,155.5555529,FT,5.378095447
Soraya,39,27514,grading: 55-65 mm,60,13,2.09,160.7692242,FT,5.437521301
Soraya,39,27515,grading: 55-65 mm,60,12,2.26,188.3333325,FT,5.732038028
Soraya,39,27516,grading: 55-65 mm,60,27,4.71,174.4444459,FT,5.587519452
Soraya,39,27517,grading: 55-65 mm,60,20,3.4,170.0000048,FT,5.539658299
Soraya,39,27518,grading: 55-65 mm,60,22,3.57,162.2727242,FT,5.454419146
Soraya,39,27519,grading: 55-65 mm,60,24,3.67,152.9166698,FT,5.347510054
Soraya,39,27520,grading: 55-65 mm,60,23,3.56,154.7826062,FT,5.369172835
Soraya,39,27521,grading: 55-65 mm,60,16,2.6,162.499994,FT,5.456964339
Soraya,39,27522,grading: 55-65 mm,60,37,5.28,142.7027084,FT,5.225695155
Soraya,39,27523,grading: 55-65 mm,60,17,3.02,177.6470577,FT,5.621505918
Soraya,39,27524,grading: 55-65 mm,60,16,2.33,145.6249952,FT,5.261125245
Soraya,39,27525,grading: 55-65 mm,60,27,4.49,166.2962878,FT,5.499132502
Soraya,39,27526,grading: 55-65 mm,60,28,4.35,155.3571395,FT,5.37580786
Soraya,39,27527,grading: 55-65 mm,60,35,6.31,180.2857127,FT,5.649201983
Soraya,39,27528,grading: 55-65 mm,60,22,3.86,175.4545407,FT,5.598283272
Soraya,39,27529,grading: 55-65 mm,60,15,2.62,174.666659,FT,5.589890969
Soraya,39,27530,grading: 55-65 mm,60,17,2.68,157.6470628,FT,5.402091805
Soraya,39,27531,grading: 55-65 mm,60,32,5.06,158.1249982,FT,5.407545435
Soraya,53,41245,grading: 55-65 mm,60,26,4.29,164.9999985,FT,5.484806527
Soraya,53,41270,grading: 55-65 mm,60,33,5.56,168.4848468,FT,5.523151402
Soraya,53,41295,grading: 55-65 mm,60,41,6.605,161.0975614,FT,5.441220448
Soraya,53,41320,grading: 55-65 mm,60,27,5.545,205.3703732,FT,5.89991738
Soraya,53,41345,grading: 55-65 mm,60,36,6.17,171.388891,FT,5.554703586
Soraya,53,41370,grading: 55-65 mm,60,43,7.78,180.9302374,FT,5.655925978
Soraya,53,41395,grading: 55-65 mm,60,38,6.665,175.3947358,FT,5.597647129
Soraya,53,41420,grading: 55-65 mm,60,46,8.07,175.434776,FT,5.598073052
Soraya,53,41445,grading: 55-65 mm,60,49,8.615,175.8163219,FT,5.602128453
Soraya,53,41470,grading: 55-65 mm,60,41,7.505,183.0487833,FT,5.677915802
Soraya,53,41495,grading: 55-65 mm,60,54,9.75,180.5555556,FT,5.652019062
Soraya,53,41520,grading: 55-65 mm,60,41,6.74,164.3902383,FT,5.478041789
Soraya,53,41545,grading: 55-65 mm,60,42,7.52,179.0476186,FT,5.636240491
Soraya,53,41570,grading: 55-65 mm,60,54,9.25,171.2962963,FT,5.553703077
Soraya,53,41595,grading: 55-65 mm,60,39,6.68,171.2820469,FT,5.553549076
Soraya,53,41620,grading: 55-65 mm,60,37,6.455,174.4594574,FT,5.587679723
Soraya,53,41645,grading: 55-65 mm,60,50,9.29,185.7999992,FT,5.706220748
Soraya,53,41670,grading: 55-65 mm,60,46,8.655,188.1521681,FT,5.730199489
Soraya,53,41695,grading: 55-65 mm,60,31,5.805,187.258059,FT,5.721108336
Soraya,53,41720,grading: 55-65 mm,60,45,8.05,178.8888931,FT,5.634574492
Soraya,53,41745,grading: 55-65 mm,60,36,6.43,178.6111063,FT,5.63165644
Soraya,53,41770,grading: 55-65 mm,60,28,5.28,188.5714361,FT,5.734452619
Soraya,53,41795,grading: 55-65 mm,60,29,5.29,182.4137918,FT,5.671342681
Soraya,53,41820,grading: 55-65 mm,60,20,3.66,183.0000043,FT,5.677411405
Soraya,32,20043,grading: 60-65 mm,62.5,16,3.36,209.9999934,FT,5.94392188
Soraya,32,20319,grading: 60-65 mm,62.5,18,3.54,196.6666645,FT,5.815364174
Soraya,32,20074,grading: 60-65 mm,62.5,20,4.05,202.5000095,FT,5.872301544
Soraya,32,20335,grading: 60-65 mm,62.5,18,3.81,211.6666635,FT,5.959605156
Soraya,32,20105,grading: 60-65 mm,62.5,20,4.22,210.9999895,FT,5.953341704
Soraya,32,20351,grading: 60-65 mm,62.5,22,4.49,204.0908987,FT,5.887639522
Soraya,32,20136,grading: 60-65 mm,62.5,17,3.54,208.2352919,FT,5.927225423
Soraya,32,20367,grading: 60-65 mm,62.5,20,3.93,196.5000033,FT,5.813721006
Soraya,32,20167,grading: 60-65 mm,62.5,9,1.76,195.5555545,FT,5.804391773
Soraya,32,20383,grading: 60-65 mm,62.5,13,2.54,195.3846125,FT,5.802700005
Soraya,32,20198,grading: 60-65 mm,62.5,13,2.47,190.0000022,FT,5.748897091
Soraya,32,20399,grading: 60-65 mm,62.5,20,4.46,223.0000019,FT,6.064127001
Soraya,32,20229,grading: 60-65 mm,62.5,16,3.27,204.3749988,FT,5.890370174
Soraya,32,20415,grading: 60-65 mm,62.5,18,3.63,201.666673,FT,5.864235155
Soraya,32,20259,grading: 60-65 mm,62.5,17,3.72,218.8235311,FT,6.026030699
Soraya,32,20431,grading: 60-65 mm,62.5,29,5.83,201.0344801,FT,5.858100926
Soraya,32,20291,grading: 60-65 mm,62.5,16,2.86,178.7499934,FT,5.633115778
Soraya,32,20447,grading: 60-65 mm,62.5,28,5.71,203.9285728,FT,5.886078175
Soraya,33,29318,grading: 60-70 mm,65,4,0.85,212.500006,FT,5.967416005
Soraya,33,29342,grading: 60-70 mm,65,5,1.205,241.0000086,FT,6.223084316
Soraya,33,29366,grading: 60-70 mm,65,2,0.5,250,FT,6.299605238
Soraya,33,29390,grading: 60-70 mm,65,5,1.215,243.0000067,FT,6.240251515
Soraya,33,29414,grading: 60-70 mm,65,1,0.32,319.9999928,FT,6.839903723
Soraya,33,29438,grading: 60-70 mm,65,4,0.86,215.0000036,FT,5.990726437
Soraya,33,29462,grading: 60-70 mm,65,2,0.36,180.0000072,FT,5.646216238
Soraya,33,29486,grading: 60-70 mm,65,3,0.595,198.3333429,FT,5.831745683
Soraya,33,29510,grading: 60-70 mm,65,6,1.205,200.8333405,FT,5.856146552
Soraya,33,29534,grading: 60-70 mm,65,4,0.92,230.0000042,FT,6.126925701
Soraya,33,29558,grading: 60-70 mm,65,5,1.18,235.9999895,FT,6.179746503
Soraya,33,29582,grading: 60-70 mm,65,7,1.635,233.5714272,FT,6.158475774
Soraya,33,29606,grading: 60-70 mm,65,10,2.265,226.5000105,FT,6.095688158
Soraya,33,29630,grading: 60-70 mm,65,2,0.525,262.4999881,FT,6.402895716
Soraya,33,29654,grading: 60-70 mm,65,10,2.28,227.9999971,FT,6.109114708
Soraya,34,29678,grading: 60-70 mm,65,26,6.23,239.6153853,FT,6.211143539
Soraya,34,29700,grading: 60-70 mm,65,24,6.02,250.8333325,FT,6.30659703
Soraya,34,29722,grading: 60-70 mm,65,15,3.725,248.333327,FT,6.285574837
Soraya,34,29744,grading: 60-70 mm,65,21,5.625,267.8571429,FT,6.446159935
Soraya,34,29766,grading: 60-70 mm,65,30,6.915,230.4999987,FT,6.131362241
Soraya,34,29788,grading: 60-70 mm,65,23,5.69,247.3913068,FT,6.277616929
Soraya,34,29810,grading: 60-70 mm,65,18,4.17,231.6666709,FT,6.141689435
Soraya,34,29832,grading: 60-70 mm,65,13,3.09,237.6923011,FT,6.194482603
Soraya,34,29854,grading: 60-70 mm,65,25,5.84,233.6000061,FT,6.15872694
Soraya,34,29876,grading: 60-70 mm,65,26,6.515,250.5769179,FT,6.304447322
Soraya,34,29898,grading: 60-70 mm,65,17,3.01,177.058823,FT,5.61529431
Soraya,34,29920,grading: 60-70 mm,65,22,5.085,231.1363654,FT,6.136999564
Soraya,34,29942,grading: 60-70 mm,65,18,4.63,257.2222286,FT,6.359693193
Soraya,34,29964,grading: 60-70 mm,65,12,2.47,205.8333357,FT,5.90434741
Soraya,34,29986,grading: 60-70 mm,65,14,3.305,236.0714333,FT,6.180370034
Soraya,45,46008,grading: 60-70 mm,65,18,4.17,231.6666709,FT,6.141689435
Soraya,45,46009,grading: 60-70 mm,65,22,5.16,234.5454476,FT,6.167024426
Soraya,45,46010,grading: 60-70 mm,65,21,4.88,232.3809578,FT,6.147995086
Soraya,45,46011,grading: 60-70 mm,65,16,4.715,294.6875095,FT,6.654578849
Soraya,45,46012,grading: 60-70 mm,65,6,1.52,253.3333302,FT,6.327479934
Soraya,45,46013,grading: 60-70 mm,65,11,2.705,245.909084,FT,6.265054547
Soraya,45,46014,grading: 60-70 mm,65,12,2.963,246.9166716,FT,6.273599696
Soraya,45,46015,grading: 60-70 mm,65,13,3.215,247.3076857,FT,6.276909547
Soraya,45,46016,grading: 60-70 mm,65,19,4.63,243.6842165,FT,6.246102874
Soraya,45,46017,grading: 60-70 mm,65,9,2.45,272.2222275,FT,6.480987647
Soraya,45,46018,grading: 60-70 mm,65,15,3.675,244.9999968,FT,6.257324707
Soraya,45,46019,grading: 60-70 mm,65,5,1.28,255.9999943,FT,6.349604149
Soraya,45,46020,grading: 60-70 mm,65,4,1.095,273.7500072,FT,6.493089347
Soraya,45,46021,grading: 60-70 mm,65,12,2.69,224.1666714,FT,6.074683847
Soraya,45,46022,grading: 60-70 mm,65,21,5.115,243.5714177,FT,6.245138973
Soraya,45,46023,grading: 60-70 mm,65,14,3.48,248.5714299,FT,6.287583073
Soraya,45,46024,grading: 60-70 mm,65,11,2.68,243.6363697,FT,6.245694044
Soraya,45,46025,grading: 60-70 mm,65,7,1.745,249.285715,FT,6.293599897
Soraya,46,46347,grading: 60-70 mm,65,59,12.785,216.6949127,FT,6.006427478
Soraya,46,46348,grading: 60-70 mm,65,60,13.345,222.4166711,FT,6.058834802
Soraya,46,46349,grading: 60-70 mm,65,45,11.75,261.1111111,FT,6.391583253
Soraya,46,46350,grading: 60-70 mm,65,61,14.895,244.1803354,FT,6.250338832
Soraya,46,46351,grading: 60-70 mm,65,24,6.66,277.4999936,FT,6.522603688
Soraya,46,46352,grading: 60-70 mm,65,31,7.6,245.1612872,FT,6.258697531
Soraya,46,46353,grading: 60-70 mm,65,28,7.225,258.0357109,FT,6.366390455
Soraya,46,46354,grading: 60-70 mm,65,53,11.515,217.2641574,FT,6.011682389
Soraya,46,46355,grading: 60-70 mm,65,65,14.98,230.4615314,FT,6.131021141
Soraya,46,46356,grading: 60-70 mm,65,69,15.835,229.4927542,FT,6.122418208
Soraya,46,46357,grading: 60-70 mm,65,38,9.235,243.0263068,FT,6.240476636
Soraya,46,46358,grading: 60-70 mm,65,50,11.445,228.8999939,FT,6.117142434
Soraya,46,46359,grading: 60-70 mm,65,54,12.05,223.1481517,FT,6.065469602
Soraya,46,46360,grading: 60-70 mm,65,22,5.265,239.3181757,FT,6.208574456
Soraya,46,46361,grading: 60-70 mm,65,42,11.095,264.166673,FT,6.416418388
Soraya,56,37807,grading: 60-70 mm,65,3,0.69,229.9999992,FT,6.126925657
Soraya,56,44030,grading: 60-70 mm,65,15,3.54,235.9999975,FT,6.179746572
Soraya,56,37915,grading: 60-70 mm,65,16,3.39,211.8750066,FT,5.961559858
Soraya,56,44034,grading: 60-70 mm,65,15,3.31,220.6666629,FT,6.042902331
Soraya,56,38023,grading: 60-70 mm,65,14,2.78,198.5714265,FT,5.834078268
Soraya,56,44038,grading: 60-70 mm,65,26,6.01,231.153855,FT,6.137154351
Soraya,39,27552,grading: 65-75 mm,70,20,5.2,259.9999905,FT,6.382504209
Soraya,39,27553,grading: 65-75 mm,70,11,3.35,304.5454459,FT,6.727969836
Soraya,39,27554,grading: 65-75 mm,70,11,2.93,266.3636424,FT,6.434156906
Soraya,39,27555,grading: 65-75 mm,70,15,4.47,297.999986,FT,6.679419914
Soraya,39,27556,grading: 65-75 mm,70,12,3.32,276.6666611,FT,6.516068015
Soraya,39,27557,grading: 65-75 mm,70,11,2.99,271.8181827,FT,6.477779598
Soraya,39,27558,grading: 65-75 mm,70,22,5.61,255.0000061,FT,6.341325744
Soraya,39,27559,grading: 65-75 mm,70,14,3.45,246.4285748,FT,6.269463154
Soraya,39,27560,grading: 65-75 mm,70,15,4.78,318.6666807,FT,6.830390782
Soraya,39,27561,grading: 65-75 mm,70,6,1.7,283.3333413,FT,6.56799117
Soraya,39,27562,grading: 65-75 mm,70,11,2.84,258.1818104,FT,6.367591775
Soraya,39,27563,grading: 65-75 mm,70,12,3.58,298.333327,FT,6.681909506
Soraya,39,27564,grading: 65-75 mm,70,12,3.38,281.6666762,FT,6.555087434
Soraya,39,27565,grading: 65-75 mm,70,8,1.99,248.7500012,FT,6.289088358
Soraya,39,27566,grading: 65-75 mm,70,11,3.03,275.4545429,FT,6.506538126
Soraya,39,27567,grading: 65-75 mm,70,26,7.49,288.0769143,FT,6.604442316
Soraya,39,27568,grading: 65-75 mm,70,15,4.36,290.6666756,FT,6.624174233
Soraya,39,27569,grading: 65-75 mm,70,14,3.99,285.0000007,FT,6.580844358
Soraya,39,27570,grading: 65-75 mm,70,7,1.41,201.4285667,FT,5.861926293
Soraya,39,27571,grading: 65-75 mm,70,16,4.65,290.625006,FT,6.623857674
Soraya,53,41247,grading: 65-75 mm,70,34,8.89,261.4705983,FT,6.394515132
Soraya,53,41272,grading: 65-75 mm,70,33,9.635,291.9697039,FT,6.634057972
Soraya,53,41297,grading: 65-75 mm,70,17,4.71,277.0588258,FT,6.519145322
Soraya,53,41322,grading: 65-75 mm,70,33,9.08,275.1515128,FT,6.504151283
Soraya,53,41347,grading: 65-75 mm,70,42,10.775,256.54761,FT,6.354128454
Soraya,53,41372,grading: 65-75 mm,70,25,7.23,289.2000008,FT,6.613013802
Soraya,53,41397,grading: 65-75 mm,70,31,8.22,265.1612989,FT,6.424461218
Soraya,53,41422,grading: 65-75 mm,70,26,7.11,273.4615436,FT,6.490807851
Soraya,53,41447,grading: 65-75 mm,70,30,7.795,259.8333359,FT,6.381140233
Soraya,53,41472,grading: 65-75 mm,70,33,9.66,292.7272681,FT,6.639790741
Soraya,53,41497,grading: 65-75 mm,70,25,7.205,288.1999969,FT,6.605382778
Soraya,53,41522,grading: 65-75 mm,70,32,9.025,282.0312381,FT,6.557914303
Soraya,53,41547,grading: 65-75 mm,70,33,9.67,293.0303053,FT,6.642081166
Soraya,53,41572,grading: 65-75 mm,70,29,8.005,276.0344867,FT,6.511101228
Soraya,53,41597,grading: 65-75 mm,70,29,8.52,293.7931192,FT,6.647839708
Soraya,53,41622,grading: 65-75 mm,70,33,8.705,263.7878765,FT,6.413350022
Soraya,53,41647,grading: 65-75 mm,70,18,4.935,274.1666635,FT,6.496381907
Soraya,53,41672,grading: 65-75 mm,70,28,8.62,307.8571388,FT,6.752269101
Soraya,53,41697,grading: 65-75 mm,70,31,8.285,267.2580596,FT,6.441350569
Soraya,53,41722,grading: 65-75 mm,70,33,8.87,268.7878753,FT,6.453617535
Soraya,53,41747,grading: 65-75 mm,70,26,7.155,275.1923158,FT,6.504472773
Soraya,53,41772,grading: 65-75 mm,70,31,9.255,298.5483908,FT,6.683514748
Soraya,53,41797,grading: 65-75 mm,70,36,10.97,304.7222296,FT,6.72927141
Soraya,53,41822,grading: 65-75 mm,70,27,7.345,272.0370293,FT,6.479517598
Soraya,32,20041,grading: 65-85 mm,75,3,0.74,246.6666698,FT,6.271481653
Soraya,32,20317,grading: 65-85 mm,75,2,0.65,324.9999881,FT,6.875344238
Soraya,32,20072,grading: 65-85 mm,75,7,1.69,241.4285796,FT,6.226770974
Soraya,32,20333,grading: 65-85 mm,75,11,2.93,266.3636424,FT,6.434156906
Soraya,32,20103,grading: 65-85 mm,75,12,3.46,288.3333365,FT,6.606401311
Soraya,32,20349,grading: 65-85 mm,75,22,6.01,273.1818286,FT,6.488594017
Soraya,32,20134,grading: 65-85 mm,75,9,2.44,271.1111175,FT,6.472157961
Soraya,32,20365,grading: 65-85 mm,75,7,1.87,267.1428578,FT,6.44042492
Soraya,32,20196,grading: 65-85 mm,75,2,0.55,275.000006,FT,6.502957269
Soraya,32,20397,grading: 65-85 mm,75,15,3.72,248.0000019,FT,6.282761309
Soraya,32,20227,grading: 65-85 mm,75,5,1.22,244.0000057,FT,6.248799807
Soraya,32,20413,grading: 65-85 mm,75,8,2.15,268.7500119,FT,6.453314487
Soraya,32,20257,grading: 65-85 mm,75,17,4.81,282.9411731,FT,6.564959468
Soraya,32,20429,grading: 65-85 mm,75,15,4.26,284.0000153,FT,6.573138557
Soraya,32,20289,grading: 65-85 mm,75,16,3.69,230.6250036,FT,6.132470428
Soraya,32,20445,grading: 65-85 mm,75,18,4.7,261.1111005,FT,6.391583166
Soraya,33,29344,grading: 70-80 mm,75,3,0.98,326.666673,FT,6.887077059
Soraya,33,29368,grading: 70-80 mm,75,1,0.27,270.0000107,FT,6.463304144
Soraya,33,29464,grading: 70-80 mm,75,3,1.2,400.0000159,FT,7.36806308
Soraya,33,29488,grading: 70-80 mm,75,1,0.325,324.9999881,FT,6.875344238
Soraya,33,29512,grading: 70-80 mm,75,1,0.32,319.9999928,FT,6.839903723
Soraya,33,29608,grading: 70-80 mm,75,2,0.675,337.500006,FT,6.962383278
Soraya,33,29632,grading: 70-80 mm,75,2,0.82,409.9999964,FT,7.428958805
Soraya,33,29656,grading: 70-80 mm,75,3,0.94,313.3333325,FT,6.792070708
Soraya,34,29680,grading: 70-80 mm,75,5,1.95,390.0000095,FT,7.306143619
Soraya,34,29702,grading: 70-80 mm,75,12,4.31,359.1666619,FT,7.10829329
Soraya,34,29724,grading: 70-80 mm,75,3,1.075,358.3333492,FT,7.102791649
Soraya,34,29746,grading: 70-80 mm,75,10,3.785,378.5000086,FT,7.233613447
Soraya,34,29768,grading: 70-80 mm,75,7,2.615,373.5714299,FT,7.202079053
Soraya,34,29790,grading: 70-80 mm,75,12,4.1,341.6666587,FT,6.990917859
Soraya,34,29812,grading: 70-80 mm,75,12,3.92,326.666673,FT,6.887077059
Soraya,34,29834,grading: 70-80 mm,75,1,0.285,284.9999964,FT,6.580844325
Soraya,34,29856,grading: 70-80 mm,75,7,2.455,350.7142748,FT,7.052089468
Soraya,34,29878,grading: 70-80 mm,75,8,2.42,302.5000095,FT,6.712873502
Soraya,34,29900,grading: 70-80 mm,75,1,0.36,360.0000143,FT,7.113786689
Soraya,34,29922,grading: 70-80 mm,75,7,2.315,330.7142939,FT,6.915405556
Soraya,34,29944,grading: 70-80 mm,75,7,2.71,387.1428626,FT,7.288258226
Soraya,34,29966,grading: 70-80 mm,75,5,1.705,341.0000086,FT,6.986368073
Soraya,34,29988,grading: 70-80 mm,75,4,1.285,321.2499917,FT,6.848798268
Soraya,45,46044,grading: 70-80 mm,75,8,2.79,348.7499952,FT,7.038899037
Soraya,45,46045,grading: 70-80 mm,75,7,2.615,373.5714299,FT,7.202079053
Soraya,45,46046,grading: 70-80 mm,75,5,1.68,335.9999895,FT,6.952053204
Soraya,45,46047,grading: 70-80 mm,75,4,1.495,373.7500012,FT,7.203226428
Soraya,45,46048,grading: 70-80 mm,75,2,0.795,397.5000083,FT,7.352680812
Soraya,45,46049,grading: 70-80 mm,75,13,4.5,346.1538462,FT,7.021389298
Soraya,45,46050,grading: 70-80 mm,75,7,2.44,348.5714367,FT,7.037697537
Soraya,45,46051,grading: 70-80 mm,75,8,2.635,329.3749988,FT,6.90605781
Soraya,45,46052,grading: 70-80 mm,75,9,2.915,323.8888847,FT,6.867500196
Soraya,45,46053,grading: 70-80 mm,75,6,2.345,390.8333381,FT,7.311343693
Soraya,45,46054,grading: 70-80 mm,75,3,1.24,413.3333365,FT,7.44903721
Soraya,45,46055,grading: 70-80 mm,75,1,0.4,400.000006,FT,7.368063019
Soraya,45,46057,grading: 70-80 mm,75,7,2.375,339.2857143,FT,6.974640979
Soraya,45,46058,grading: 70-80 mm,75,5,1.525,304.9999952,FT,6.731315449
Soraya,45,46059,grading: 70-80 mm,75,3,1.01,336.6666635,FT,6.956648136
Soraya,45,46060,grading: 70-80 mm,75,12,4.275,356.2500079,FT,7.088999734
Soraya,45,46061,grading: 70-80 mm,75,11,3.905,354.9999974,FT,7.08069872
Soraya,46,46377,grading: 70-80 mm,75,11,3.445,313.1818121,FT,6.790975704
Soraya,46,46378,grading: 70-80 mm,75,21,7.405,352.6190576,FT,7.064833416
Soraya,46,46379,grading: 70-80 mm,75,20,8.015,400.7500172,FT,7.372665252
Soraya,46,46380,grading: 70-80 mm,75,21,7.3,347.6190567,FT,7.031282136
Soraya,46,46381,grading: 70-80 mm,75,18,6.79,377.2222201,FT,7.225464219
Soraya,46,46382,grading: 70-80 mm,75,22,8.605,391.1363428,FT,7.313232648
Soraya,46,46383,grading: 70-80 mm,75,20,7.78,389.0000105,FT,7.299893713
Soraya,46,46384,grading: 70-80 mm,75,7,1.985,283.5714306,FT,6.569830383
Soraya,46,46385,grading: 70-80 mm,75,20,6.88,344.0000057,FT,7.006796146
Soraya,46,46386,grading: 70-80 mm,75,18,5.81,322.7777746,FT,6.859638147
Soraya,46,46387,grading: 70-80 mm,75,20,7.34,367.0000076,FT,7.15959886
Soraya,46,46388,grading: 70-80 mm,75,17,5.715,336.1764796,FT,6.953270221
Soraya,46,46389,grading: 70-80 mm,75,21,7.23,344.2857152,FT,7.008735443
Soraya,46,46390,grading: 70-80 mm,75,17,6.55,385.2941289,FT,7.276638438
Soraya,46,46391,grading: 70-80 mm,75,28,10.82,386.4285605,FT,7.28377304
Soraya,56,44060,grading: 70-80 mm,75,14,5.26,375.7143021,FT,7.215823608
Soraya,56,44064,grading: 70-80 mm,75,23,7.98,346.9565226,FT,7.026812275
Soraya,56,44068,grading: 70-80 mm,75,20,6.465,323.2500076,FT,6.862981799
Soraya,39,27592,grading: 75-85 mm,80,6,2.88,480.0000191,FT,7.82973537
Soraya,39,27593,grading: 75-85 mm,80,10,4.81,480.9999943,FT,7.83516878
Soraya,39,27594,grading: 75-85 mm,80,1,0.31,310.0000024,FT,6.767899457
Soraya,39,27595,grading: 75-85 mm,80,6,2.54,423.333327,FT,7.508631984
Soraya,39,27596,grading: 75-85 mm,80,14,5.55,396.4285851,FT,7.346068718
Soraya,39,27597,grading: 75-85 mm,80,3,0.99,330.0000032,FT,6.910423239
Soraya,39,27598,grading: 75-85 mm,80,5,2.17,434.0000153,FT,7.571174352
Soraya,39,27599,grading: 75-85 mm,80,3,1.11,370.0000048,FT,7.179054369
Soraya,39,27600,grading: 75-85 mm,80,2,0.8,400.000006,FT,7.368063019
Soraya,39,27601,grading: 75-85 mm,80,1,0.47,469.9999988,FT,7.774980075
Soraya,39,27602,grading: 75-85 mm,80,4,1.63,407.4999988,FT,7.413828515
Soraya,39,27603,grading: 75-85 mm,80,7,2.74,391.4285728,FT,7.315053508
Soraya,39,27604,grading: 75-85 mm,80,6,2.27,378.3333302,FT,7.232551479
Soraya,39,27605,grading: 75-85 mm,80,3,1.16,386.6666555,FT,7.28526868
Soraya,39,27606,grading: 75-85 mm,80,4,1.46,365.0000095,FT,7.146569547
Soraya,39,27607,grading: 75-85 mm,80,5,1.86,372.0000029,FT,7.191966352
Soraya,39,27608,grading: 75-85 mm,80,2,0.98,490.0000095,FT,7.883735198
Soraya,39,27609,grading: 75-85 mm,80,8,3.28,409.9999964,FT,7.428958805
Soraya,39,27611,grading: 75-85 mm,80,9,3.42,380.0000085,FT,7.243156483
Soraya,53,41249,grading: 75-85 mm,80,9,3.76,417.7777767,FT,7.475641115
Soraya,53,41274,grading: 75-85 mm,80,3,1.21,403.333346,FT,7.388473311
Soraya,53,41299,grading: 75-85 mm,80,15,6.055,403.6666552,FT,7.390507995
Soraya,53,41324,grading: 75-85 mm,80,5,2.285,457.0000172,FT,7.702624699
Soraya,53,41349,grading: 75-85 mm,80,4,1.645,411.2499952,FT,7.436500893
Soraya,53,41374,grading: 75-85 mm,80,6,2.615,435.8333349,FT,7.581820191
Soraya,53,41399,grading: 75-85 mm,80,3,1.07,356.6666842,FT,7.091762463
Soraya,53,41424,grading: 75-85 mm,80,3,1.175,391.6666508,FT,7.316536282
Soraya,53,41524,grading: 75-85 mm,80,3,1.41,469.9999889,FT,7.77498002
Soraya,53,41549,grading: 75-85 mm,80,4,1.475,368.750006,FT,7.170960735
Soraya,53,41574,grading: 75-85 mm,80,2,0.975,487.5000119,FT,7.870304631
Soraya,53,41599,grading: 75-85 mm,80,5,1.855,371.0000038,FT,7.185516161
Soraya,53,41624,grading: 75-85 mm,80,6,1.655,275.8333286,FT,6.509519204
Soraya,53,41649,grading: 75-85 mm,80,1,0.375,375,FT,7.211247837
Soraya,53,41674,grading: 75-85 mm,80,2,1.015,507.4999928,FT,7.976493444
Soraya,53,41699,grading: 75-85 mm,80,5,2.07,413.9999866,FT,7.453039819
Soraya,53,41749,grading: 75-85 mm,80,2,0.685,342.5000012,FT,6.99659698
Soraya,53,41774,grading: 75-85 mm,80,2,0.875,437.5,FT,7.591472414
Soraya,53,41799,grading: 75-85 mm,80,11,5.41,491.8181679,FT,7.893474101
Soraya,53,41824,grading: 75-85 mm,80,14,7.015,501.071419,FT,7.942670438
Soraya,33,29514,grading: 80-90 mm,85,1,0.395,395.0000107,FT,7.337233973
Soraya,34,29748,grading: 80-90 mm,85,9,4.77,529.9999979,FT,8.092672307
Soraya,34,29770,grading: 80-90 mm,85,2,0.91,455.0000131,FT,7.691371739
Soraya,34,29792,grading: 80-90 mm,85,5,2.655,530.9999943,FT,8.097758822
Soraya,34,29902,grading: 80-90 mm,85,1,0.445,444.9999928,FT,7.634606665
Soraya,34,29924,grading: 80-90 mm,85,2,0.865,432.5000048,FT,7.562441671
Soraya,34,29946,grading: 80-90 mm,85,1,0.57,569.9999928,FT,8.29134429
Soraya,45,46085,grading: 80-90 mm,85,1,0.725,725.0000238,FT,8.983508974
Soraya,45,46086,grading: 80-90 mm,85,1,0.495,495.0000048,FT,7.910459903
Soraya,45,46087,grading: 80-90 mm,85,1,0.42,419.9999869,FT,7.488872294
Soraya,45,46088,grading: 80-90 mm,85,1,0.565,564.9999976,FT,8.26702938
Soraya,45,46089,grading: 80-90 mm,85,3,1.59,530.0000111,FT,8.092672374
Soraya,45,46090,grading: 80-90 mm,85,2,1.05,524.9999762,FT,8.067143091
Soraya,45,46094,grading: 80-90 mm,85,1,0.625,625,FT,8.549879715
Soraya,45,46095,grading: 80-90 mm,85,2,0.84,419.9999869,FT,7.488872294
Soraya,45,46096,grading: 80-90 mm,85,2,1.025,512.4999881,FT,8.002603241
Soraya,45,46097,grading: 80-90 mm,85,4,2.66,665.0000215,FT,8.72851881
Soraya,46,46407,grading: 80-90 mm,85,1,0.385,384.9999905,FT,7.274786274
Soraya,46,46408,grading: 80-90 mm,85,3,1.435,478.3333143,FT,7.82066246
Soraya,46,46409,grading: 80-90 mm,85,6,3.58,596.666654,FT,8.418678438
Soraya,46,46410,grading: 80-90 mm,85,7,3.48,497.1428599,FT,7.921858265
Soraya,46,46411,grading: 80-90 mm,85,14,8.055,575.3571647,FT,8.317238865
Soraya,46,46412,grading: 80-90 mm,85,5,2.46,492.0000076,FT,7.894446797
Soraya,46,46413,grading: 80-90 mm,85,13,7.215,555.0000117,FT,8.217965806
Soraya,46,46415,grading: 80-90 mm,85,1,0.505,504.9999952,FT,7.9633742
Soraya,46,46416,grading: 80-90 mm,85,2,0.87,435.0000024,FT,7.57698485
Soraya,46,46417,grading: 80-90 mm,85,5,2.38,476.0000229,FT,7.807925431
Soraya,46,46418,grading: 80-90 mm,85,2,0.85,425.0000119,FT,7.518473036
Soraya,46,46419,grading: 80-90 mm,85,1,0.58,579.9999833,FT,8.339550818
Soraya,46,46420,grading: 80-90 mm,85,16,10.37,648.1249928,FT,8.654053759
Soraya,46,46421,grading: 80-90 mm,85,5,3.04,607.9999924,FT,8.471647115
Soraya,56,44090,grading: 80-90 mm,85,4,2.42,605.0000191,FT,8.457690629
Soraya,56,44094,grading: 80-90 mm,85,2,0.79,395.0000107,FT,7.337233973
Soraya,56,44098,grading: 80-90 mm,85,2,1.335,667.5000191,FT,8.739443115
Soraya,32,20255,grading: >85 mm,90,1,0.58,579.9999833,FT,8.339550818
Soraya,39,27632,grading: 85-95 mm,90,3,1.63,543.3333317,FT,8.15997413
Soraya,39,27633,grading: 85-95 mm,90,4,2.51,627.4999976,FT,8.561264378
Soraya,39,27635,grading: 85-95 mm,90,1,0.53,529.9999714,FT,8.092672172
Soraya,39,27636,grading: 85-95 mm,90,1,0.44,439.9999976,FT,7.605904892
Soraya,39,27638,grading: 85-95 mm,90,4,2.1,524.9999762,FT,8.067143091
Soraya,39,27639,grading: 85-95 mm,90,3,1.42,473.333319,FT,7.793317288
Soraya,39,27640,grading: 85-95 mm,90,3,1.57,523.3333508,FT,8.058597594
Soraya,39,27644,grading: 85-95 mm,90,2,1.17,584.9999785,FT,8.363446487
Soraya,39,27647,grading: 85-95 mm,90,3,2.01,669.9999968,FT,8.75034009
Soraya,39,27648,grading: 85-95 mm,90,1,0.59,589.9999738,FT,8.387206384
Soraya,39,27649,grading: 85-95 mm,90,3,1.59,530.0000111,FT,8.092672374
Soraya,39,27651,grading: 85-95 mm,90,1,0.57,569.9999928,FT,8.29134429
Soraya,53,41276,grading: 85-95 mm,90,1,0.42,419.9999869,FT,7.488872294
Soraya,53,41326,grading: 85-95 mm,90,2,1.05,524.9999762,FT,8.067143091
Soraya,53,41376,grading: 85-95 mm,90,1,0.625,625,FT,8.549879715
Soraya,53,41576,grading: 85-95 mm,90,1,0.63,629.9999952,FT,8.572618842
Soraya,53,41626,grading: 85-95 mm,90,3,2.05,683.3333174,FT,8.808004567
Soraya,53,41726,grading: 85-95 mm,90,1,0.625,625,FT,8.549879715
Soraya,53,41776,grading: 85-95 mm,90,1,0.63,629.9999952,FT,8.572618842
Soraya,53,41826,grading: 85-95 mm,90,3,2.045,681.6666921,FT,8.800837935
Soraya,34,29750,grading: 90-100 mm,95,1,0.85,850.0000238,FT,9.472682439
Soraya,45,46126,grading: 90-100 mm,95,1,0.56,560.0000024,FT,8.242570594
Soraya,46,46441,grading: 90-100 mm,95,8,6.495,811.8749857,FT,9.328884567
Soraya,46,46442,grading: 90-100 mm,95,2,1.54,769.9999809,FT,9.165656358
Soraya,46,46443,grading: 90-100 mm,95,6,5.315,885.8333429,FT,9.603967316
Soraya,46,46450,grading: 90-100 mm,95,5,4.33,865.9999847,FT,9.53174965
Soraya,56,44120,grading: 90-100 mm,95,1,0.925,925.0000119,FT,9.743475822
Soraya,56,44128,grading: 90-100 mm,95,3,2.195,731.6666444,FT,9.010960472
Soraya,39,27672,grading: >95 mm,100,3,2.52,839.9999936,FT,9.435387916
Soraya,39,27673,grading: >95 mm,100,1,0.75,750,FT,9.085602944
Soraya,39,27677,grading: >95 mm,100,1,0.56,560.0000024,FT,8.242570594
Soraya,39,27680,grading: >95 mm,100,1,0.92,920.0000167,FT,9.725888299
Soraya,39,27684,grading: >95 mm,100,1,0.78,779.9999714,FT,9.20516395
Soraya,39,27687,grading: >95 mm,100,2,2.2,1100.000024,FT,10.32280121
Soraya,39,27691,grading: >95 mm,100,1,0.81,810.0000024,FT,9.321697506
Soraya,53,41478,grading: 95-105 mm,100,1,0.915,915.0000215,FT,9.708236937
Soraya,53,41778,grading: 95-105 mm,100,1,0.74,740.0000095,FT,9.045041715
Soraya,46,46473,grading: >100 mm,105,1,1.235,1235.000014,FT,10.72891126
Soraya,46,46480,grading: >100 mm,105,1,1.15,1149.999976,FT,10.47689543
