Type,MidSize,Count,SampleWeight,CubeRoot,TuberWeight,,
A,82.5,2,1.32,8.7,660.0,,
A,92.5,3,1.9,8.6,633.3,,
A,92.5,3,1.88,8.6,626.7,,
A,92.5,1,0.62,8.5,620.0,,
A,92.5,1,0.62,8.5,620.0,,
A,92.5,1,0.58,8.3,580.0,,
A,92.5,2,1.14,8.3,570.0,,
A,82.5,3,1.6,8.1,533.3,,
A,82.5,4,2.08,8,520.0,,
A,82.5,4,2.08,8,520.0,,
A,92.5,2,1.04,8,520.0,,
A,82.5,10,5.16,8,516.0,,
A,82.5,10,5.16,8,516.0,,
A,82.5,4,1.94,7.9,485.0,,
A,82.5,3,1.38,7.7,460.0,,
A,82.5,2,0.92,7.7,460.0,,
A,77.5,2,0.9,7.6631,450.0,,
A,82.5,2,0.9,7.7,450.0,,
A,82.5,2,0.9,7.7,450.0,,
A,77.5,5,2.16,7.5595,432.0,,
A,77.5,5,2.16,7.5595,432.0,,
A,77.5,6,2.56,7.5283,426.7,,
A,77.5,6,2.56,7.5283,426.7,,
A,77.5,8,3.38,7.5037,422.5,,
A,72.5,4,1.64,7.429,410.0,,
A,72.5,4,1.64,7.429,410.0,,
A,77.5,4,1.64,7.429,410.0,,
A,77.5,8,3.26,7.4138,407.5,,
A,77.5,4,1.62,7.4,405.0,,
A,82.5,3,1.2,7.4,400.0,,
A,82.5,1,0.4,7.4,400.0,,
A,77.5,6,2.38,7.3475,396.7,,
A,72.5,4,1.56,7.3061,390.0,,
A,72.5,2,0.78,7.3061,390.0,,
A,82.5,5,1.94,7.3,388.0,,
A,77.5,3,1.16,7.3,386.7,,
A,77.5,2,0.76,7.2432,380.0,,
A,72.5,7,2.6,7.1883,371.4,,
A,67.5,5,1.84,7.1661,368.0,,
A,77.5,5,1.84,7.1661,368.0,,
A,77.5,5,1.84,7.1661,368.0,,
A,72.5,7,2.5,7.0949,357.1,,
A,67.5,7,2.48,7.0759,354.3,,
A,67.5,7,2.48,7.0759,354.3,,
A,77.5,3,1.06,7.0696,353.3,,
A,67.5,4,1.4,7.047298718,350.0,,
A,77.5,3,1.04,7,346.7,,
A,72.5,9,3.06,6.9795,340.0,,
A,72.5,9,3.06,6.9795,340.0,,
A,77.5,6,2.04,6.9795,340.0,,
A,72.5,4,1.36,6.9795,340.0,,
A,72.5,4,1.36,6.9795,340.0,,
A,72.5,3,1.02,6.9795,340.0,,
A,72.5,2,0.68,6.979532033,340.0,,
A,72.5,1,0.34,6.979532033,340.0,,
A,72.5,13,4.28,6.905,329.2,,
A,77.5,6,1.96,6.8871,326.7,,
A,77.5,6,1.96,6.8871,326.7,,
A,72.5,10,3.26,6.8824,326.0,,
A,72.5,10,3.26,6.8824,326.0,,
A,72.5,4,1.3,6.8753,325.0,,
A,72.5,12,3.88,6.8636,323.3,,
A,67.5,12,3.86,6.85175805,321.7,,
A,72.5,8,2.54,6.822,317.5,,
A,67.5,13,4.1,6.8069,315.4,,
A,67.5,8,2.5,6.786,312.5,,
A,72.5,2,0.62,6.7679,310.0,,
A,72.5,5,1.52,6.724,304.0,,
A,72.5,5,1.52,6.724,304.0,,
A,67.5,12,3.64,6.719,303.3,,
A,72.5,14,4.22,6.704938586,301.4,,
A,72.5,11,3.3,6.6943,300.0,,
A,72.5,3,0.9,6.6943,300.0,,
A,72.5,24,7.08,6.6569,295.0,,
A,72.5,3,0.88,6.6444,293.3,,
A,72.5,3,0.88,6.644369944,293.3,,
A,72.5,3,0.88,6.644369944,293.3,,
A,67.5,11,3.2,6.626,290.9,,
A,72.5,13,3.78,6.625,290.8,,
A,72.5,17,4.94,6.6236,290.6,,
A,72.5,2,0.58,6.6191,290.0,,
A,72.5,18,5.2,6.6106,288.9,,
A,72.5,5,1.44,6.603854485,288.0,,
A,72.5,3,0.86,6.5936,286.7,,
A,67.5,21,5.98,6.579,284.8,,
A,67.5,21,5.98,6.579,284.8,,
A,72.5,10,2.8,6.542132608,280.0,,
A,67.5,6,1.68,6.5421,280.0,,
A,77.5,2,0.56,6.5421,280.0,,
A,77.5,2,0.56,6.5,280.0,,
A,72.5,18,5.02,6.5335,278.9,,
A,72.5,10,2.76,6.5108,276.0,,
A,72.5,13,3.58,6.506,275.4,,
A,67.5,15,4.1,6.4898,273.3,,
A,67.5,15,4.1,6.4898,273.3,,
A,72.5,19,5.18,6.4842,272.6,,
A,67.5,10,2.72,6.4792,272.0,,
A,67.5,4,1.08,6.4633,270.0,,
A,72.5,6,1.6,6.4366,266.7,,
A,72.5,13,3.46,6.432467215,266.2,,
A,67.5,11,2.83,6.3601,257.3,,
A,67.5,18,4.56,6.3275,253.3,,
A,67.5,18,4.56,6.3275,253.3,,
A,67.5,17,4.3,6.3242,252.9,,
A,67.5,5,1.26,6.316359586,252.0,,
A,67.5,1,0.25,6.2996,250.0,,
A,67.5,1,0.25,6.299605249,250.0,,
A,67.5,24,5.98,6.2926,249.2,,
A,67.5,9,2.24,6.2903,248.9,,
A,67.5,16,3.96,6.278536167,247.5,,
A,67.5,17,4.2,6.2748,247.1,,
A,67.5,6,1.48,6.2715,246.7,,
A,72.5,3,0.74,6.271481626,246.7,,
A,62.5,19,4.68,6.2685,246.3,,
A,62.5,19,4.68,6.2685,246.3,,
A,62.5,8,1.96,6.2573,245.0,,
A,67.5,17,4.12,6.2347,242.4,,
A,67.5,17,4.1,6.2246,241.2,,
A,67.5,17,4.1,6.2246,241.2,,
A,67.5,19,4.58,6.2235,241.1,,
A,62.5,19,4.56,6.2145,240.0,,
A,67.5,18,4.32,6.2145,240.0,,
A,67.5,35,8.32,6.1947,237.7,,
A,67.5,8,1.88,6.171005782,235.0,,
A,67.5,2,0.47,6.171,235.0,,
A,67.5,3,0.7,6.1564,233.3,,
A,67.5,24,5.58,6.149,232.5,,
A,67.5,36,8.36,6.1466,232.2,,
A,67.5,10,2.32,6.1446,232.0,,
A,67.5,5,1.16,6.1446,232.0,,
A,67.5,5,1.16,6.1446,232.0,,
A,67.5,6,1.38,6.1269,230.0,,
A,67.5,6,1.38,6.1269,230.0,,
A,67.5,7,1.6,6.1142,228.6,,
A,62.5,15,3.42,6.1091,228.0,,
A,62.5,13,2.94,6.0926,226.2,,
A,62.5,21,4.74,6.0886,225.7,,
A,62.5,21,4.74,6.0886,225.7,,
A,67.5,7,1.58,6.0886,225.7,,
A,67.5,4,0.9,6.0822,225.0,,
A,67.5,41,9.22,6.0811,224.9,,
A,62.5,20,4.46,6.0641,223.0,,
A,67.5,7,1.56,6.0628,222.9,,
A,67.5,11,2.44,6.0534,221.8,,
A,67.5,13,2.88,6.050849871,221.5,,
A,62.5,3,0.66,6.0368,220.0,,
A,62.5,3,0.66,6.0368,220.0,,
A,67.5,2,0.44,6.0368,220.0,,
A,67.5,2,0.44,6.0368,220.0,,
A,62.5,17,3.72,6.026,218.8,,
A,62.5,12,2.6,6.0062,216.7,,
A,62.5,12,2.6,6.0062,216.7,,
A,67.5,6,1.3,6.006166489,216.7,,
A,62.5,17,3.68,6.0044,216.5,,
A,67.5,5,1.08,6,216.0,,
A,67.5,13,2.8,5.994296564,215.4,,
A,62.5,4,0.86,5.990726404,215.0,,
A,67.5,21,4.5,5.9841,214.3,,
A,67.5,20,4.28,5.981424019,214.0,,
A,62.5,3,0.64,5.9752,213.3,,
A,62.5,20,4.26,5.9721,213.0,,
A,62.5,16,3.4,5.9674,212.5,,
A,62.5,18,3.81,5.9596,211.7,,
A,62.5,20,4.22,5.9533,211.0,,
A,62.5,16,3.36,5.9439,210.0,,
A,62.5,17,3.54,5.9272,208.2,,
A,57.5,20,4.16,5.925,208.0,,
A,57.5,13,2.7,5.922069091,207.7,,
A,62.5,16,3.27,5.8904,204.4,,
A,62.5,22,4.49,5.8876,204.1,,
A,62.5,28,5.71,5.8861,203.9,,
A,62.5,6,1.222,5.8836,203.7,,
A,62.5,6,1.222,5.883589368,203.7,,
A,62.5,20,4.05,5.8723,202.5,,
A,62.5,10,2.02,5.867464298,202.0,,
A,62.5,18,3.63,5.8642,201.7,,
A,62.5,29,5.83,5.8581,201.0,,
A,62.5,26,5.21,5.8518,200.4,,
A,62.5,9,1.8,5.848,200.0,,
A,62.5,8,1.6,5.848,200.0,,
A,67.5,7,1.4,5.848035466,200.0,,
A,62.5,6,1.2,5.848,200.0,,
A,62.5,5,1,5.848035466,200.0,,
A,67.5,13,2.58,5.83300189,198.5,,
A,62.5,18,3.54,5.8154,196.7,,
A,62.5,18,3.54,5.8154,196.7,,
A,62.5,6,1.18,5.8154,196.7,,
A,62.5,20,3.93,5.8137,196.5,,
A,62.5,9,1.76,5.8044,195.6,,
A,62.5,13,2.54,5.8027,195.4,,
A,62.5,13,2.54,5.8027,195.4,,
A,62.5,13,2.54,5.8027,195.4,,
A,62.5,11,2.14,5.79438074,194.6,,
A,62.5,16,3.08,5.774001741,192.5,,
A,62.5,13,2.5,5.7721,192.3,,
A,62.5,13,2.5,5.772078356,192.3,,
A,62.5,23,4.42,5.7707,192.2,,
A,62.5,22,4.22,5.7672,191.8,,
A,62.5,7,1.34,5.7633,191.4,,
A,62.5,7,1.34,5.7633,191.4,,
A,62.5,22,4.2,5.7581,190.9,,
A,62.5,13,2.47,5.7489,190.0,,
A,62.5,8,1.52,5.748897069,190.0,,
A,62.5,4,0.76,5.7489,190.0,,
A,62.5,15,2.84,5.7422,189.3,,
A,62.5,17,3.2,5.731043236,188.2,,
A,62.5,5,0.94,5.7287,188.0,,
A,62.5,21,3.94,5.7248,187.6,,
A,62.5,19,3.56,5.7222,187.4,,
A,62.5,25,4.68,5.7205,187.2,,
A,62.5,21,3.92,5.7151,186.7,,
A,57.5,3,0.56,5.7151,186.7,,
A,57.5,3,0.56,5.7151,186.7,,
A,62.5,3,0.56,5.7151,186.7,,
A,62.5,16,2.98,5.7108,186.3,,
A,57.5,14,2.6,5.7053,185.7,,
A,57.5,14,2.6,5.7053,185.7,,
A,57.5,14,2.6,5.7053,185.7,,
A,62.5,19,3.5,5.6899,184.2,,
A,62.5,12,2.18,5.6636,181.7,,
A,62.5,21,3.8,5.6562,181.0,,
A,62.5,32,5.76,5.6462,180.0,,
A,62.5,18,3.24,5.646216164,180.0,,
A,62.5,9,1.62,5.6462,180.0,,
A,62.5,9,1.62,5.6462,180.0,,
A,62.5,2,0.36,5.6462,180.0,,
A,62.5,17,3.04,5.6339,178.8,,
A,62.5,16,2.86,5.6331,178.8,,
A,57.5,13,2.32,5.6301,178.5,,
A,62.5,13,2.32,5.6301,178.5,,
A,57.5,26,4.62,5.622,177.7,,
A,57.5,17,3.02,5.6215,177.7,,
A,57.5,17,3.02,5.6215,177.7,,
A,62.5,38,6.74,5.6186,177.4,,
A,62.5,6,1.06,5.6111,176.7,,
A,62.5,15,2.62,5.5899,174.7,,
A,62.5,11,1.92,5.5886,174.6,,
A,57.5,10,1.74,5.582770162,174.0,,
A,62.5,3,0.52,5.5756,173.3,,
A,52.5,12,2.05,5.5487,170.8,,
A,62.5,8,1.36,5.5397,170.0,,
A,62.5,24,4.06,5.530591687,169.2,,
A,57.5,11,1.86,5.5298,169.1,,
A,57.5,10,1.68,5.5178,168.0,,
A,62.5,24,4.02,5.5124,167.5,,
A,57.5,4,0.66,5.4848,165.0,,
A,62.5,11,1.8,5.469655067,163.6,,
A,57.5,13,2.12,5.4634,163.1,,
A,57.5,5,0.81,5.4514,162.0,,
A,62.5,13,2.1,5.4462,161.5,,
A,62.5,13,2.1,5.4462,161.5,,
A,57.5,26,4.16,5.4288,160.0,,
A,57.5,16,2.56,5.4288,160.0,,
A,57.5,11,1.76,5.4288,160.0,,
A,57.5,20,3.18,5.4175,159.0,,
A,57.5,20,3.18,5.4175,159.0,,
A,62.5,2,0.316,5.4061,158.0,,
A,62.5,2,0.316,5.406120176,158.0,,
A,57.5,25,3.94,5.4016,157.6,,
A,57.5,12,1.88,5.3909,156.7,,
A,57.5,11,1.72,5.3874,156.4,,
A,57.5,22,3.42,5.3769,155.5,,
A,57.5,24,3.7,5.362,154.2,,
A,57.5,13,2,5.3583,153.9,,
A,62.5,15,2.3,5.35236257,153.3,,
A,57.5,22,3.36,5.3453,152.7,,
A,57.5,22,3.36,5.3453,152.7,,
A,57.5,19,2.9,5.3442,152.6,,
A,52.5,10,1.52,5.3368,152.0,,
A,52.5,10,1.52,5.3368,152.0,,
A,57.5,23,3.48,5.3286,151.3,,
A,57.5,16,2.42,5.328,151.3,,
A,57.5,16,2.42,5.328,151.3,,
A,57.5,20,3.02,5.325074013,151.0,,
A,57.5,11,1.66,5.324,150.9,,
A,52.5,15,2.26,5.321152749,150.7,,
A,57.5,18,2.7,5.3133,150.0,,
A,57.5,16,2.4,5.3133,150.0,,
A,57.5,21,3.14,5.3077,149.5,,
A,57.5,26,3.88,5.304194715,149.2,,
A,57.5,29,4.32,5.3011,149.0,,
A,57.5,25,3.72,5.2991,148.8,,
A,57.5,19,2.82,5.2946,148.4,,
A,57.5,24,3.56,5.2935,148.3,,
A,52.5,35,5.16,5.2828,147.4,,
A,57.5,21,3.08,5.2736,146.7,,
A,57.5,15,2.2,5.2736,146.7,,
A,57.5,12,1.76,5.27363992,146.7,,
A,57.5,19,2.76,5.2568,145.3,,
A,52.5,25,3.62,5.25117131,144.8,,
A,57.5,18,2.602,5.2482,144.6,,
A,57.5,18,2.602,5.248268514,144.6,,
A,57.5,9,1.3,5.2469,144.4,,
A,57.5,15,2.16,5.24148278,144.0,,
A,57.5,25,3.58,5.2318,143.2,,
A,57.5,13,1.86,5.2303,143.1,,
A,57.5,42,6,5.2276,142.9,,
A,57.5,11,1.56,5.2149,141.8,,
A,57.5,29,4.1,5.2095,141.4,,
A,57.5,12,1.68,5.1925,140.0,,
A,57.5,12,1.68,5.1925,140.0,,
A,47.5,9,1.26,5.1925,140.0,,
A,47.5,9,1.26,5.1925,140.0,,
A,52.5,8,1.12,5.1925,140.0,,
A,52.5,4,0.56,5.1925,140.0,,
A,52.5,3,0.42,5.1925,140.0,,
A,57.5,2,0.28,5.1925,140.0,,
A,57.5,24,3.34,5.182171016,139.2,,
A,57.5,21,2.91,5.1748,138.6,,
A,57.5,25,3.44,5.162651514,137.6,,
A,57.5,12,1.649,5.1604,137.4,,
A,57.5,12,1.649,5.160399384,137.4,,
A,57.5,17,2.32,5.14848779,136.5,,
A,57.5,11,1.5,5.1471,136.4,,
A,57.5,10,1.36,5.1426,136.0,,
A,57.5,5,0.68,5.1426,136.0,,
A,57.5,5,0.68,5.1426,136.0,,
A,57.5,17,2.3,5.1337,135.3,,
A,57.5,25,3.38,5.132459879,135.2,,
A,52.5,4,0.54,5.1299,135.0,,
A,52.5,4,0.54,5.1299,135.0,,
A,62.5,21,2.82,5.120864336,134.3,,
A,57.5,13,1.72,5.095596502,132.3,,
A,57.5,21,2.76,5.084285485,131.4,,
A,52.5,7,0.92,5.0843,131.4,,
A,57.5,34,4.46,5.081032582,131.2,,
A,57.5,6,0.777,5.0593,129.5,,
A,57.5,6,0.777,5.059294063,129.5,,
A,57.5,19,2.46,5.059,129.5,,
A,52.5,11,1.42,5.054,129.1,,
A,52.5,5,0.64,5.0397,128.0,,
A,57.5,5,0.64,5.0397,128.0,,
A,57.5,5,0.64,5.0397,128.0,,
A,52.5,11,1.4,5.0301,127.3,,
A,57.5,6,0.76,5.0221,126.7,,
A,52.5,3,0.38,5.0221,126.7,,
A,57.5,18,2.26,5.0074,125.6,,
A,57.5,4,0.5,5,125.0,,
A,52.5,5,0.62,4.9866,124.0,,
A,52.5,11,1.36,4.9818,123.6,,
A,47.5,70,8.64,4.979,123.4,,
A,47.5,24,2.96,4.977678266,123.3,,
A,52.5,6,0.74,4.9777,123.3,,
A,52.5,22,2.64,4.9324,120.0,,
A,47.5,6,0.72,4.9324,120.0,,
A,52.5,4,0.48,4.9324,120.0,,
A,52.5,3,0.36,4.9324,120.0,,
A,52.5,8,0.95,4.9152,118.8,,
A,52.5,9,1.06,4.9018,117.8,,
A,52.5,16,1.88,4.8979,117.5,,
A,52.5,15,1.76,4.8956,117.3,,
A,52.5,26,3.04,4.889901127,116.9,,
A,57.5,6,0.7,4.8863,116.7,,
A,52.5,5,0.58,4.877,116.0,,
A,52.5,23,2.66,4.8721,115.7,,
A,52.5,39,4.5,4.8684,115.4,,
A,52.5,30,3.46,4.8676,115.3,,
A,52.5,30,3.46,4.8676,115.3,,
A,52.5,15,1.72,4.85824108,114.7,,
A,52.5,17,1.94,4.8505,114.1,,
A,52.5,11,1.254,4.8488,114.0,,
A,52.5,11,1.254,4.848807586,114.0,,
A,52.5,10,1.14,4.8488,114.0,,
A,52.5,3,0.34,4.8393,113.3,,
A,52.5,8,0.9,4.8274,112.5,,
A,52.5,34,3.82,4.8253,112.4,,
A,52.5,23,2.58,4.8228,112.2,,
A,52.5,17,1.9,4.816906605,111.8,,
A,52.5,10,1.116,4.8145,111.6,,
A,52.5,10,1.116,4.814539249,111.6,,
A,52.5,16,1.76,4.7914,110.0,,
A,52.5,12,1.32,4.7914,110.0,,
A,52.5,21,2.3,4.7845,109.5,,
A,52.5,19,2.08,4.7838,109.5,,
A,52.5,13,1.42,4.7802,109.2,,
A,52.5,13,1.42,4.7802,109.2,,
A,52.5,18,1.96,4.7752,108.9,,
A,52.5,14,1.52,4.770587326,108.6,,
A,47.5,7,0.76,4.7706,108.6,,
A,52.5,7,0.76,4.7706,108.6,,
A,52.5,31,3.36,4.7679,108.4,,
A,52.5,17,1.84,4.7657,108.2,,
A,47.5,8,0.86,4.7548,107.5,,
A,52.5,27,2.9,4.7535,107.4,,
A,47.5,28,3,4.7496,107.1,,
A,47.5,28,3,4.7496,107.1,,
A,47.5,45,4.8,4.7425,106.7,,
A,52.5,27,2.88,4.7425,106.7,,
A,52.5,18,1.92,4.7425,106.7,,
A,52.5,6,0.64,4.7425,106.7,,
A,52.5,27,2.86,4.7315,105.9,,
A,52.5,24,2.54,4.7301,105.8,,
A,52.5,24,2.54,4.7301,105.8,,
A,52.5,7,0.74,4.728367525,105.7,,
A,52.5,8,0.84,4.7177,105.0,,
A,47.5,19,1.98,4.705840421,104.2,,
A,52.5,19,1.98,4.705840421,104.2,,
A,52.5,5,0.52,4.7027,104.0,,
A,47.5,33,3.42,4.6972,103.6,,
A,52.5,24,2.48,4.692599382,103.3,,
A,47.5,12,1.24,4.6926,103.3,,
A,47.5,31,3.2,4.691,103.2,,
A,52.5,15,1.54,4.682485989,102.7,,
A,47.5,9,0.92,4.6757,102.2,,
A,47.5,9,0.92,4.6757,102.2,,
A,52.5,9,0.92,4.6757,102.2,,
A,52.5,9,0.92,4.675685507,102.2,,
A,52.5,14,1.43,4.6745,102.1,,
A,52.5,16,1.62,4.660848752,101.3,,
A,47.5,10,1,4.6416,100.0,,
A,52.5,7,0.7,4.6416,100.0,,
A,52.5,7,0.7,4.6416,100.0,,
A,52.5,5,0.5,4.6416,100.0,,
A,47.5,4,0.4,4.6416,100.0,,
A,52.5,2,0.2,4.6416,100.0,,
A,52.5,35,3.46,4.6238,98.9,,
A,52.5,25,2.46,4.6167,98.4,,
A,47.5,36,3.54,4.6157,98.3,,
A,47.5,19,1.84,4.5922,96.8,,
A,52.5,6,0.58,4.589431728,96.7,,
A,47.5,40,3.86,4.5868,96.5,,
A,52.5,5,0.48,4.5789,96.0,,
A,52.5,9,0.86,4.571779893,95.6,,
A,52.5,8,0.76,4.5629,95.0,,
A,47.5,4,0.38,4.5629,95.0,,
A,47.5,4,0.38,4.5629,95.0,,
A,47.5,43,4.06,4.5536,94.4,,
A,47.5,10,0.94,4.5468,94.0,,
A,47.5,2,0.18,4.4814,90.0,,
A,52.5,15,1.34,4.4703,89.3,,
A,47.5,13,1.16,4.4686,89.2,,
A,47.5,28,2.49,4.4636,88.9,,
A,47.5,16,1.42,4.4606,88.8,,
A,47.5,18,1.59,4.4536,88.3,,
A,47.5,44,3.87,4.4472,88.0,,
A,47.5,23,2.02,4.445,87.8,,
A,47.5,42,3.68,4.4415,87.6,,
A,47.5,24,2.1,4.4395,87.5,,
A,47.5,8,0.7,4.4395,87.5,,
A,47.5,8,0.7,4.4395,87.5,,
A,47.5,26,2.27,4.4363,87.3,,
A,47.5,17,1.48,4.432,87.1,,
A,47.5,34,2.94,4.422,86.5,,
A,47.5,16,1.38,4.4183,86.3,,
A,47.5,24,2.06,4.4112,85.8,,
A,47.5,23,1.97,4.408,85.7,,
A,47.5,27,2.31,4.4064,85.6,,
A,47.5,22,1.88,4.4047,85.5,,
A,47.5,22,1.88,4.4047,85.5,,
A,47.5,11,0.94,4.4047,85.5,,
A,47.5,11,0.94,4.4047,85.5,,
A,47.5,42,3.58,4.4009,85.2,,
A,52.5,2,0.17,4.396829666,85.0,,
A,47.5,25,2.12,4.3934,84.8,,
A,42.5,21,1.78,4.3927,84.8,,
A,42.5,21,1.78,4.3927,84.8,,
A,47.5,5,0.42,4.3795,84.0,,
A,47.5,5,0.42,4.3795,84.0,,
A,47.5,16,1.34,4.375170055,83.8,,
A,47.5,11,0.92,4.3732,83.6,,
A,47.5,17,1.42,4.3713,83.5,,
A,47.5,21,1.75,4.3679,83.3,,
A,47.5,6,0.5,4.3679,83.3,,
A,47.5,19,1.58,4.3648,83.2,,
A,47.5,14,1.16,4.3596,82.9,,
A,47.5,7,0.58,4.3596,82.9,,
A,47.5,7,0.58,4.359566606,82.9,,
A,47.5,16,1.32,4.3533,82.5,,
A,47.5,39,3.21,4.3499,82.3,,
A,47.5,18,1.48,4.3484,82.2,,
A,47.5,19,1.56,4.3463,82.1,,
A,47.5,20,1.64,4.3445,82.0,,
A,47.5,21,1.72,4.3428,81.9,,
A,47.5,12,0.98,4.3386,81.7,,
A,47.5,12,0.98,4.3386,81.7,,
A,42.5,13,1.06,4.336315142,81.5,,
A,47.5,15,1.22,4.332675765,81.3,,
A,47.5,47,3.82,4.3317,81.3,,
A,47.5,47,3.82,4.3317,81.3,,
A,47.5,17,1.38,4.3299,81.2,,
A,47.5,18,1.461,4.3297,81.2,,
A,47.5,18,1.461,4.329773539,81.2,,
A,47.5,8,0.643,4.3156,80.4,,
A,47.5,8,0.643,4.315680983,80.4,,
A,47.5,27,2.17,4.3155,80.4,,
A,47.5,19,1.52,4.3089,80.0,,
A,47.5,14,1.12,4.3089,80.0,,
A,42.5,10,0.8,4.3089,80.0,,
A,47.5,10,0.8,4.3089,80.0,,
A,47.5,8,0.64,4.3089,80.0,,
A,42.5,7,0.56,4.3089,80.0,,
A,47.5,7,0.56,4.3089,80.0,,
A,47.5,7,0.56,4.3089,80.0,,
A,42.5,2,0.16,4.3089,80.0,,
A,47.5,2,0.16,4.3089,80.0,,
A,42.5,52,4.14,4.302,79.6,,
A,47.5,34,2.7,4.2983,79.4,,
A,47.5,14,1.11,4.296,79.3,,
A,42.5,40,3.16,4.2908,79.0,,
A,42.5,20,1.56,4.2727,78.0,,
A,47.5,23,1.78,4.2615,77.4,,
A,47.5,7,0.54,4.257,77.1,,
A,47.5,7,0.54,4.257,77.1,,
A,47.5,13,1,4.2529,76.9,,
A,47.5,12,0.92,4.248172988,76.7,,
A,47.5,6,0.46,4.2482,76.7,,
A,47.5,4,0.3,4.2172,75.0,,
A,47.5,17,1.27,4.2116,74.7,,
A,47.5,15,1.12,4.2109,74.7,,
A,47.5,25,1.86,4.205887429,74.4,,
A,42.5,25,1.84,4.1908,73.6,,
A,47.5,15,1.1,4.185690779,73.3,,
A,47.5,3,0.22,4.1857,73.3,,
A,47.5,3,0.22,4.1857,73.3,,
A,47.5,13,0.952,4.1837,73.2,,
A,47.5,13,0.952,4.183723855,73.2,,
A,52.5,19,1.38,4.1723,72.6,,
A,42.5,16,1.16,4.169775452,72.5,,
A,42.5,44,3.18,4.1654,72.3,,
A,47.5,12,0.86,4.1537,71.7,,
A,47.5,7,0.5,4.149132661,71.4,,
A,47.5,12,0.84,4.121285294,70.0,,
A,42.5,2,0.14,4.1213,70.0,,
A,47.5,2,0.14,4.121285294,70.0,,
A,42.5,23,1.6,4.1127,69.6,,
A,42.5,19,1.32,4.1109,69.5,,
A,42.5,28,1.94,4.1072,69.3,,
A,42.5,10,0.68,4.0817,68.0,,
A,47.5,12,0.8,4.0548,66.7,,
A,42.5,3,0.2,4.0548,66.7,,
A,47.5,3,0.2,4.054801325,66.7,,
A,42.5,13,0.86,4.0444,66.2,,
A,37.5,13,0.85,4.0286,65.4,,
A,42.5,12,0.78,4.0207,65.0,,
A,42.5,12,0.78,4.0207,65.0,,
A,37.5,14,0.9,4.0059,64.3,,
A,37.5,14,0.9,4.0059,64.3,,
A,52.5,5,0.32,4,64.0,,
A,52.5,5,0.32,4,64.0,,
A,42.5,11,0.7,3.9924,63.6,,
A,42.5,32,2.02,3.9817,63.1,,
A,42.5,7,0.44,3.976,62.9,,
A,42.5,7,0.44,3.976,62.9,,
A,42.5,29,1.82,3.974,62.8,,
A,42.5,8,0.5,3.9685,62.5,,
A,42.5,9,0.56,3.9626,62.2,,
A,42.5,56,3.44,3.9457,61.4,,
A,42.5,25,1.52,3.9322,60.8,,
A,42.5,16,0.96,3.9149,60.0,,
A,42.5,6,0.36,3.9149,60.0,,
A,42.5,6,0.36,3.9149,60.0,,
A,42.5,6,0.36,3.9149,60.0,,
A,42.5,4,0.24,3.9149,60.0,,
A,42.5,3,0.18,3.9149,60.0,,
A,42.5,2,0.12,3.9149,60.0,,
A,42.5,2,0.12,3.9149,60.0,,
A,47.5,2,0.12,3.914867636,60.0,,
A,42.5,1,0.06,3.914867636,60.0,,
A,42.5,32,1.91,3.9081,59.7,,
A,42.5,7,0.41,3.8835,58.6,,
A,42.5,11,0.64,3.874917219,58.2,,
A,42.5,15,0.87,3.8709,58.0,,
A,42.5,10,0.58,3.8709,58.0,,
A,37.5,9,0.52,3.86592666,57.8,,
A,42.5,17,0.98,3.863,57.7,,
A,42.5,16,0.92,3.8597,57.5,,
A,47.5,15,0.86,3.856,57.3,,
A,42.5,39,2.23,3.8525,57.2,,
A,42.5,6,0.34,3.841,56.7,,
A,42.5,6,0.34,3.841,56.7,,
A,37.5,3,0.17,3.841,56.7,,
A,42.5,40,2.26,3.8372,56.5,,
A,42.5,8,0.452,3.8372,56.5,,
A,42.5,8,0.452,3.837215139,56.5,,
A,42.5,5,0.28,3.82586236,56.0,,
A,42.5,9,0.5,3.8157,55.6,,
A,42.5,14,0.776,3.8128,55.4,,
A,42.5,14,0.776,3.812837469,55.4,,
A,42.5,18,0.996,3.8106,55.3,,
A,42.5,18,0.996,3.810543204,55.3,,
A,42.5,8,0.44,3.803,55.0,,
A,42.5,8,0.44,3.803,55.0,,
A,37.5,4,0.22,3.802952456,55.0,,
A,42.5,4,0.22,3.803,55.0,,
A,42.5,4,0.22,3.803,55.0,,
A,42.5,42,2.3,3.7975,54.8,,
A,42.5,7,0.38,3.7864,54.3,,
A,37.5,40,2.16,3.7798,54.0,,
A,42.5,10,0.54,3.779763145,54.0,,
A,47.5,12,0.64,3.764144111,53.3,,
A,42.5,9,0.48,3.764144111,53.3,,
A,42.5,6,0.32,3.7641,53.3,,
A,37.5,3,0.16,3.7641,53.3,,
A,42.5,3,0.16,3.7641,53.3,,
A,42.5,19,1,3.747561763,52.6,,
A,42.5,8,0.42,3.7444,52.5,,
A,42.5,14,0.7,3.684031494,50.0,,
A,42.5,10,0.5,3.684031494,50.0,,
A,37.5,4,0.2,3.684,50.0,,
A,42.5,4,0.2,3.684,50.0,,
A,42.5,4,0.2,3.684,50.0,,
A,37.5,2,0.1,3.684,50.0,,
A,42.5,2,0.1,3.684,50.0,,
A,37.5,5,0.24,3.6342,48.0,,
A,42.5,5,0.24,3.634241181,48.0,,
A,37.5,8,0.38,3.6216,47.5,,
A,37.5,28,1.32,3.6125,47.1,,
A,37.5,24,1.12,3.6003,46.7,,
A,37.5,17,0.78,3.58,45.9,,
A,37.5,2,0.09,3.5569,45.0,,
A,42.5,17,0.76,3.5491,44.7,,
A,37.5,13,0.58,3.5467,44.6,,
A,37.5,10,0.44,3.5303,44.0,,
A,37.5,13,0.56,3.5055,43.1,,
A,37.5,7,0.3,3.4995,42.9,,
A,37.5,8,0.34,3.4898,42.5,,
A,37.5,9,0.38,3.4821,42.2,,
A,32.5,13,0.54,3.4632,41.5,,
A,32.5,13,0.54,3.4632,41.5,,
A,37.5,13,0.54,3.4632,41.5,,
A,37.5,7,0.29,3.4602,41.4,,
A,37.5,19,0.78,3.4497,41.1,,
A,42.5,24,0.98,3.4435,40.8,,
A,37.5,35,1.4,3.42,40.0,,
A,37.5,31,1.24,3.42,40.0,,
A,37.5,12,0.48,3.42,40.0,,
A,37.5,12,0.48,3.42,40.0,,
A,37.5,10,0.4,3.42,40.0,,
A,37.5,8,0.32,3.42,40.0,,
A,37.5,8,0.32,3.42,40.0,,
A,37.5,8,0.32,3.419951889,40.0,,
A,37.5,8,0.32,3.419951893,40.0,,
A,42.5,7,0.28,3.42,40.0,,
A,37.5,6,0.24,3.42,40.0,,
A,37.5,5,0.2,3.42,40.0,,
A,37.5,5,0.2,3.42,40.0,,
A,37.5,5,0.2,3.419951889,40.0,,
A,37.5,4,0.16,3.42,40.0,,
A,37.5,4,0.16,3.42,40.0,,
A,37.5,4,0.16,3.42,40.0,,
A,37.5,4,0.16,3.419951889,40.0,,
A,37.5,4,0.16,3.419951893,40.0,,
A,37.5,3,0.12,3.42,40.0,,
A,37.5,3,0.12,3.42,40.0,,
A,37.5,3,0.12,3.42,40.0,,
A,37.5,3,0.12,3.419951889,40.0,,
A,37.5,2,0.08,3.42,40.0,,
A,37.5,2,0.08,3.42,40.0,,
A,37.5,2,0.08,3.42,40.0,,
A,37.5,2,0.08,3.42,40.0,,
A,37.5,2,0.08,3.419951889,40.0,,
A,32.5,1,0.04,3.419951889,40.0,,
A,37.5,1,0.04,3.419951889,40.0,,
A,42.5,1,0.04,3.419951889,40.0,,
A,42.5,1,0.04,3.419951889,40.0,,
A,42.5,1,0.04,3.419951889,40.0,,
A,37.5,30,1.16,3.3815,38.7,,
A,37.5,10,0.38,3.362,38.0,,
A,37.5,5,0.19,3.362,38.0,,
A,37.5,5,0.19,3.361975407,38.0,,
A,32.5,8,0.3,3.347164746,37.5,,
A,37.5,8,0.3,3.3472,37.5,,
A,42.5,7,0.26,3.3365,37.1,,
A,42.5,7,0.26,3.3365,37.1,,
A,37.5,5,0.18,3.3019,36.0,,
A,35.5,7,0.25,3.293037048,35.7,,
A,37.5,7,0.24,3.248661039,34.3,,
A,37.5,9,0.3,3.218297945,33.3,,
A,32.5,3,0.1,3.2183,33.3,,
A,27.5,4,0.13,3.1913,32.5,,
A,32.5,16,0.48,3.1072,30.0,,
A,32.5,11,0.33,3.1072,30.0,,
A,32.5,6,0.18,3.1072,30.0,,
A,32.5,6,0.18,3.1072,30.0,,
A,37.5,6,0.18,3.1072,30.0,,
A,32.5,4,0.12,3.1072,30.0,,
A,42.5,4,0.12,3.1072,30.0,,
A,42.5,4,0.12,3.1072,30.0,,
A,27.5,2,0.06,3.1072,30.0,,
A,32.5,2,0.06,3.1072,30.0,,
A,32.5,2,0.06,3.1072,30.0,,
A,32.5,2,0.06,3.107232502,30.0,,
A,32.5,1,0.03,3.1072,30.0,,
A,32.5,1,0.03,3.107232506,30.0,,
A,37.5,7,0.2,3.057107084,28.6,,
A,42.5,8,0.22,3.0184,27.5,,
A,32.5,11,0.3,3.0101,27.3,,
A,32.5,11,0.3,3.0101,27.3,,
A,32.5,11,0.3,3.0101,27.3,,
A,32.5,18,0.48,2.9876,26.7,,
A,32.5,6,0.16,2.9876,26.7,,
A,32.5,3,0.08,2.9876,26.7,,
A,32.5,3,0.08,2.9876,26.7,,
A,32.5,3,0.08,2.9876,26.7,,
A,32.5,8,0.21,2.972,26.3,,
A,32.5,8,0.21,2.971960973,26.3,,
A,32.5,8,0.2,2.924,25.0,,
A,32.5,4,0.1,2.924,25.0,,
A,32.5,2,0.05,2.924,25.0,,
A,32.5,2,0.05,2.924017738,25.0,,
A,42.5,9,0.22,2.9022,24.4,,
A,32.5,7,0.17,2.8959,24.3,,
A,27.5,5,0.12,2.8845,24.0,,
A,27.5,5,0.12,2.8845,24.0,,
A,32.5,5,0.12,2.8845,24.0,,
A,32.5,5,0.12,2.8845,24.0,,
A,32.5,5,0.12,2.884499138,24.0,,
A,32.5,5,0.12,2.884499141,24.0,,
A,32.5,6,0.14,2.857539624,23.3,,
A,37.5,8,0.18,2.8231,22.5,,
A,37.5,8,0.18,2.8231,22.5,,
A,27.5,6,0.12,2.714417614,20.0,,
A,32.5,5,0.1,2.7144,20.0,,
A,32.5,4,0.08,2.7144,20.0,,
A,27.5,3,0.06,2.7144,20.0,,
A,32.5,3,0.06,2.7144,20.0,,
A,32.5,3,0.06,2.7144,20.0,,
A,32.5,3,0.06,2.7144,20.0,,
A,32.5,3,0.06,2.7144,20.0,,
A,32.5,3,0.06,2.7144,20.0,,
A,32.5,3,0.06,2.714417614,20.0,,
A,37.5,3,0.06,2.714417614,20.0,,
A,27.5,2,0.04,2.7144,20.0,,
A,27.5,2,0.04,2.7144,20.0,,
A,27.5,2,0.04,2.7144,20.0,,
A,27.5,2,0.04,2.7144,20.0,,
A,27.5,2,0.04,2.7144,20.0,,
A,27.5,2,0.04,2.714417614,20.0,,
A,32.5,2,0.04,2.7144,20.0,,
A,32.5,2,0.04,2.7144,20.0,,
A,32.5,2,0.04,2.7144,20.0,,
A,32.5,2,0.04,2.7144,20.0,,
A,32.5,2,0.04,2.7144,20.0,,
A,32.5,2,0.04,2.7144,20.0,,
A,32.5,2,0.04,2.7144,20.0,,
A,32.5,2,0.04,2.714417614,20.0,,
A,32.5,2,0.04,2.714417614,20.0,,
A,37.5,2,0.04,2.7144,20.0,,
A,27.5,1,0.02,2.714417614,20.0,,
A,37.5,1,0.02,2.714417614,20.0,,
A,27.5,1,0.019,2.6684,19.0,,
A,27.5,1,0.019,2.668401649,19.0,,
A,27.5,6,0.11,2.6368,18.3,,
A,32.5,6,0.11,2.6368,18.3,,
A,27.5,4,0.068,2.5713,17.0,,
A,27.5,4,0.068,2.571281591,17.0,,
A,27.5,6,0.1,2.5544,16.7,,
A,37.5,6,0.1,2.5544,16.7,,
A,32.5,3,0.05,2.5544,16.7,,
A,32.5,11,0.18,2.5388,16.4,,
A,27.5,5,0.08,2.5198,16.0,,
A,27.5,5,0.08,2.5198,16.0,,
A,32.5,5,0.08,2.5198,16.0,,
A,27.5,1,0.016,2.5198,16.0,,
A,27.5,1,0.016,2.5198421,16.0,,
A,27.5,9,0.14,2.4963,15.6,,
A,27.5,4,0.06,2.4662,15.0,,
A,27.5,4,0.06,2.4662,15.0,,
A,27.5,4,0.06,2.466212072,15.0,,
A,27.5,5,0.07,2.4101,14.0,,
A,27.5,6,0.08,2.3713,13.3,,
A,22.5,3,0.04,2.3713,13.3,,
A,27.5,3,0.04,2.3713,13.3,,
A,27.5,3,0.04,2.3713,13.3,,
A,27.5,3,0.04,2.3713,13.3,,
A,27.5,3,0.04,2.3713,13.3,,
A,22.5,1,0.013,2.3513,13.0,,
A,22.5,1,0.013,2.351334688,13.0,,
A,27.5,17,0.2,2.2744,11.8,,
A,22.5,5,0.05,2.1544,10.0,,
A,22.5,4,0.04,2.1544,10.0,,
A,22.5,4,0.04,2.1544,10.0,,
A,22.5,4,0.04,2.1544,10.0,,
A,27.5,4,0.04,2.1544,10.0,,
A,27.5,4,0.04,2.1544,10.0,,
A,22.5,2,0.02,2.1544,10.0,,
A,22.5,2,0.02,2.1544,10.0,,
A,22.5,2,0.02,2.1544,10.0,,
A,27.5,2,0.02,2.1544,10.0,,
A,27.5,2,0.02,2.1544,10.0,,
A,27.5,2,0.02,2.1544,10.0,,
A,27.5,2,0.02,2.1544,10.0,,
A,27.5,2,0.02,2.1544,10.0,,
A,27.5,2,0.02,2.154434688,10.0,,
A,22.5,1,0.01,2.1544,10.0,,
A,32.5,11,0.1,2.0871,9.1,,
A,22.5,2,0.018,2.0801,9.0,,
A,22.5,2,0.018,2.080083823,9.0,,
A,22.5,3,0.023,1.9718,7.7,,
A,22.5,3,0.023,1.972112964,7.7,,
A,22.5,4,0.03,1.9574,7.5,,
A,22.5,6,0.04,1.8821,6.7,,
A,22.5,3,0.02,1.8821,6.7,,
A,22.5,3,0.02,1.8821,6.7,,
A,22.5,3,0.02,1.8821,6.7,,
A,22.5,3,0.02,1.8821,6.7,,
A,27.5,3,0.02,1.8821,6.7,,
A,27.5,3,0.02,1.8821,6.7,,
A,17.5,2,0.011,1.7652,5.5,,
A,17.5,2,0.011,1.765174168,5.5,,
A,22.5,4,0.02,1.71,5.0,,
A,22.5,4,0.02,1.71,5.0,,
A,22.5,4,0.02,1.71,5.0,,
A,17.5,1,0.004,1.5874,4.0,,
A,17.5,1,0.004,1.587401052,4.0,,
A,27.5,3,0.01,1.4938,3.3,,
A,17.5,26,0.06,1.321476063,2.3,,
F1,57.5,1,125.5,5.006657789,125.5,,
F1,57.5,1,123.8,4.983948517,123.8,,
F1,52.5,1,122.3,4.963737636,122.3,,
F1,57.5,1,120.4,4.937898534,120.4,,
F1,57.5,1,108.6,4.771005762,108.6,,
F1,52.5,1,103.3,4.692094747,103.3,,
F1,52.5,1,100.4,4.647769378,100.4,,
F1,47.5,1,93.6,4.540377354,93.6,,
F1,52.5,1,91.1,4.499588433,91.1,,
F1,47.5,1,88.4,4.454689323,88.4,,
F1,47.5,1,87.9,4.446274703,87.9,,
F1,47.5,1,87.6,4.441210604,87.6,,
F1,47.5,1,87.4,4.437828112,87.4,,
F1,47.5,1,86.6,4.424246303,86.6,,
F1,47.5,1,83.9,4.377780539,83.9,,
F1,47.5,1,83.6,4.372556452,83.6,,
F1,47.5,1,83.1,4.363821798,83.1,,
F1,47.5,1,82.2,4.34801071,82.2,,
F1,47.5,1,81,4.326748705,81.0,,
F1,47.5,1,80.9,4.324967416,80.9,,
F1,47.5,1,80.6,4.319614728,80.6,,
F1,47.5,1,80.5,4.317827548,80.5,,
F1,47.5,1,80.5,4.317827548,80.5,,
F1,47.5,1,80.2,4.31245711,80.2,,
F1,42.5,1,79.6,4.301675922,79.6,,
F1,47.5,1,79.4,4.298070157,79.4,,
F1,47.5,1,78.9,4.289029175,78.9,,
F1,47.5,1,78.6,4.283586239,78.6,,
F1,47.5,1,78.4,4.279949916,78.4,,
F1,47.5,1,78.4,4.279949916,78.4,,
F1,47.5,1,77.5,4.263509485,77.5,,
F1,47.5,1,77.3,4.259838791,77.3,,
F1,47.5,1,76.7,4.248788576,76.7,,
F1,47.5,1,76.3,4.241389713,76.3,,
F1,47.5,1,76,4.235823578,76.0,,
F1,47.5,1,75.4,4.224647211,75.4,,
F1,47.5,1,74.9,4.215288192,74.9,,
F1,47.5,1,74.7,4.211532922,74.7,,
F1,47.5,1,73.1,4.181246694,73.1,,
F1,47.5,1,72.4,4.167857431,72.4,,
F1,47.5,1,71.5,4.150515244,71.5,,
F1,47.5,1,71.4,4.148579369,71.4,,
F1,47.5,1,71.1,4.142760877,71.1,,
F1,42.5,1,70.1,4.123246877,70.1,,
F1,47.5,1,69.7,4.115389313,69.7,,
F1,42.5,1,69.6,4.113420227,69.6,,
F1,47.5,1,69.5,4.111449253,69.5,,
F1,47.5,1,69.2,4.105524967,69.2,,
F1,42.5,1,68.6,4.093624828,68.6,,
F1,47.5,1,68,4.081655096,68.0,,
F1,47.5,1,67.4,4.069614746,67.4,,
F1,42.5,1,67,4.061548095,67.0,,
F1,42.5,1,66.6,4.053449273,66.6,,
F1,47.5,1,65.8,4.037153824,65.8,,
F1,42.5,1,65.7,4.035107623,65.7,,
F1,42.5,1,65.7,4.035107623,65.7,,
F1,47.5,1,65.5,4.031008984,65.5,,
F1,42.5,1,65.1,4.022786607,65.1,,
F1,42.5,1,65,4.020725753,65.0,,
F1,42.5,1,65,4.020725753,65.0,,
F1,47.5,1,63.8,3.99582898,63.8,,
F1,42.5,1,63.5,3.989556083,63.5,,
F1,42.5,1,63,3.979057202,63.0,,
F1,42.5,1,62.5,3.968502624,62.5,,
F1,42.5,1,62.5,3.968502624,62.5,,
F1,42.5,1,62.2,3.962142834,62.2,,
F1,42.5,1,62,3.957891604,62.0,,
F1,47.5,1,61.8,3.953631222,61.8,,
F1,42.5,1,61.2,3.940794667,61.2,,
F1,42.5,1,61.2,3.940794667,61.2,,
F1,42.5,1,60.7,3.930033296,60.7,,
F1,42.5,1,60.5,3.9257122,60.5,,
F1,42.5,1,60.1,3.917041355,60.1,,
F1,42.5,1,60.1,3.917041355,60.1,,
F1,47.5,1,60,3.914867636,60.0,,
F1,42.5,1,60,3.914867636,60.0,,
F1,42.5,1,59.8,3.910512941,59.8,,
F1,42.5,1,59,3.892996411,59.0,,
F1,47.5,1,59,3.892996411,59.0,,
F1,42.5,1,58.9,3.890795734,58.9,,
F1,42.5,1,58.8,3.888592565,58.8,,
F1,42.5,1,58.4,3.879754824,58.4,,
F1,42.5,1,58.2,3.875320815,58.2,,
F1,42.5,1,58,3.870876635,58.0,,
F1,42.5,1,57.9,3.868650714,57.9,,
F1,42.5,1,57.2,3.852997043,57.2,,
F1,42.5,1,57,3.848501126,57.0,,
F1,42.5,1,56.5,3.837215134,56.5,,
F1,42.5,1,56.1,3.828138305,56.1,,
F1,42.5,1,56.1,3.828138305,56.1,,
F1,42.5,1,56.1,3.828138305,56.1,,
F1,42.5,1,55.9,3.823583705,55.9,,
F1,42.5,1,55.8,3.821302329,55.8,,
F1,42.5,1,55.8,3.821302329,55.8,,
F1,42.5,1,55.7,3.819018227,55.7,,
F1,42.5,1,55.6,3.816731389,55.6,,
F1,42.5,1,55.5,3.814441808,55.5,,
F1,42.5,1,55.4,3.812149474,55.4,,
F1,42.5,1,55.2,3.807556519,55.2,,
F1,42.5,1,55,3.802952456,55.0,,
F1,42.5,1,54.9,3.800646238,54.9,,
F1,42.5,1,54.5,3.791393258,54.5,,
F1,42.5,1,54.1,3.782094893,54.1,,
F1,42.5,1,54.1,3.782094893,54.1,,
F1,42.5,1,54,3.779763145,54.0,,
F1,42.5,1,53.9,3.777428516,53.9,,
F1,42.5,1,53.6,3.770407257,53.6,,
F1,42.5,1,53.3,3.76335975,53.3,,
F1,42.5,1,52.8,3.751554906,52.8,,
F1,42.5,1,52.5,3.744436189,52.5,,
F1,42.5,1,52.3,3.739675298,52.3,,
F1,42.5,1,52.2,3.737290301,52.2,,
F1,42.5,1,51.9,3.730116981,51.9,,
F1,42.5,1,51.8,3.727719733,51.8,,
F1,42.5,1,51.2,3.713271062,51.2,,
F1,42.5,1,51,3.708429764,51.0,,
F1,42.5,1,51,3.708429764,51.0,,
F1,42.5,1,50.7,3.701144029,50.7,,
F1,42.5,1,50.6,3.698709065,50.6,,
F1,42.5,1,50.6,3.698709065,50.6,,
F1,42.5,1,50.5,3.696270891,50.5,,
F1,42.5,1,50.5,3.696270891,50.5,,
F1,42.5,1,50.1,3.686485879,50.1,,
F1,42.5,1,50.1,3.686485879,50.1,,
F1,42.5,1,50,3.684031494,50.0,,
F1,42.5,1,49.7,3.676648645,49.7,,
F1,42.5,1,49.5,3.671710226,49.5,,
F1,42.5,1,49,3.659305705,49.0,,
F1,42.5,1,48.8,3.654320269,48.8,,
F1,42.5,1,48.8,3.654320269,48.8,,
F1,42.5,1,48.5,3.64681651,48.5,,
F1,42.5,1,48.4,3.644308382,48.4,,
F1,42.5,1,48.3,3.641796798,48.3,,
F1,42.5,1,48.3,3.641796798,48.3,,
F1,42.5,1,48.2,3.639281744,48.2,,
F1,42.5,1,48,3.634241181,48.0,,
F1,42.5,1,47.9,3.631715648,47.9,,
F1,42.5,1,47.5,3.621578217,47.5,,
F1,42.5,1,47.5,3.621578217,47.5,,
F1,42.5,1,47.4,3.619034973,47.4,,
F1,42.5,1,47.3,3.61648815,47.3,,
F1,42.5,1,47.3,3.61648815,47.3,,
F1,42.5,1,47.3,3.61648815,47.3,,
F1,42.5,1,47,3.608826076,47.0,,
F1,42.5,1,47,3.608826076,47.0,,
F1,42.5,1,46.8,3.603699895,46.8,,
F1,42.5,1,46.6,3.59855909,46.6,,
F1,42.5,1,46.4,3.593403554,46.4,,
F1,42.5,1,46,3.583047866,46.0,,
F1,37.5,1,45.8,3.577847499,45.8,,
F1,42.5,1,45.3,3.564780007,45.3,,
F1,42.5,1,44.9,3.55425661,44.9,,
F1,42.5,1,44.4,3.541014101,44.4,,
F1,42.5,1,43.8,3.524991193,43.8,,
F1,42.5,1,43.8,3.524991193,43.8,,
F1,42.5,1,43.4,3.514227794,43.4,,
F1,37.5,1,43.4,3.514227794,43.4,,
F1,37.5,1,43.4,3.514227794,43.4,,
F1,42.5,1,43.3,3.511526619,43.3,,
F1,42.5,1,43.3,3.511526619,43.3,,
F1,37.5,1,43.1,3.506111766,43.1,,
F1,37.5,1,43,3.503398056,43.0,,
F1,37.5,1,42.9,3.500680136,42.9,,
F1,37.5,1,42.7,3.495231597,42.7,,
F1,37.5,1,42.5,3.489766019,42.5,,
F1,37.5,1,42.2,3.481535408,42.2,,
F1,37.5,1,42.1,3.478783205,42.1,,
F1,42.5,1,42.1,3.478783205,42.1,,
F1,42.5,1,41.9,3.473265697,41.9,,
F1,42.5,1,41.9,3.473265697,41.9,,
F1,42.5,1,41.8,3.470500357,41.8,,
F1,37.5,1,41.7,3.467730603,41.7,,
F1,37.5,1,41.5,3.462177782,41.5,,
F1,37.5,1,41.5,3.462177782,41.5,,
F1,42.5,1,41.4,3.45939468,41.4,,
F1,37.5,1,41.4,3.45939468,41.4,,
F1,37.5,1,41.3,3.456607092,41.3,,
F1,37.5,1,41.2,3.453815001,41.2,,
F1,37.5,1,41.1,3.451018389,41.1,,
F1,37.5,1,41.1,3.451018389,41.1,,
F1,37.5,1,40.7,3.439786353,40.7,,
F1,37.5,1,40.1,3.422799477,40.1,,
F1,37.5,1,39.9,3.417099551,39.9,,
F1,37.5,1,39.8,3.414242443,39.8,,
F1,37.5,1,39.8,3.414242443,39.8,,
F1,37.5,1,39.8,3.414242443,39.8,,
F1,37.5,1,39.5,3.4056423,39.5,,
F1,37.5,1,39.5,3.4056423,39.5,,
F1,37.5,1,39.5,3.4056423,39.5,,
F1,42.5,1,39.4,3.402765911,39.4,,
F1,37.5,1,39.2,3.3969985,39.2,,
F1,37.5,1,39.1,3.394107436,39.1,,
F1,37.5,1,39,3.391211439,39.0,,
F1,37.5,1,39,3.391211439,39.0,,
F1,37.5,1,39,3.391211439,39.0,,
F1,47.5,1,38.8,3.385404559,38.8,,
F1,37.5,1,38.8,3.385404559,38.8,,
F1,37.5,1,38.8,3.385404559,38.8,,
F1,37.5,1,38.8,3.385404559,38.8,,
F1,42.5,1,38.6,3.379577689,38.6,,
F1,42.5,1,38.3,3.370799526,38.3,,
F1,37.5,1,38.3,3.370799526,38.3,,
F1,37.5,1,38.2,3.367863288,38.2,,
F1,37.5,1,38.1,3.364921921,38.1,,
F1,37.5,1,37.9,3.359023711,37.9,,
F1,37.5,1,37.9,3.359023711,37.9,,
F1,37.5,1,37.9,3.359023711,37.9,,
F1,37.5,1,37.2,3.338215065,37.2,,
F1,37.5,1,37.1,3.335221149,37.1,,
F1,37.5,1,36.7,3.323191392,36.7,,
F1,37.5,1,36.7,3.323191392,36.7,,
F1,37.5,1,36.6,3.320170307,36.6,,
F1,37.5,1,36.5,3.317143714,36.5,,
F1,37.5,1,36.4,3.314111589,36.4,,
F1,37.5,1,36.4,3.314111589,36.4,,
F1,37.5,1,36,3.301927245,36.0,,
F1,37.5,1,36,3.301927245,36.0,,
F1,37.5,1,35.8,3.295801206,35.8,,
F1,37.5,1,35.4,3.283480339,35.4,,
F1,37.5,1,35.3,3.280385634,35.3,,
F1,37.5,1,35.1,3.274178645,35.1,,
F1,37.5,1,34.7,3.261693572,34.7,,
F1,37.5,1,34.5,3.255415032,34.5,,
F1,37.5,1,34.5,3.255415032,34.5,,
F1,37.5,1,34.4,3.25226666,34.4,,
F1,37.5,1,34.1,3.242784779,34.1,,
F1,37.5,1,33.9,3.236432589,33.9,,
F1,37.5,1,33.9,3.236432589,33.9,,
F1,37.5,1,33.8,3.233247121,33.8,,
F1,37.5,1,33.7,3.230055365,33.7,,
F1,37.5,1,33.3,3.217224821,33.3,,
F1,37.5,1,32.7,3.197784922,32.7,,
F1,37.5,1,32.7,3.197784922,32.7,,
F1,37.5,1,32.6,3.194521874,32.6,,
F1,37.5,1,32.4,3.187975704,32.4,,
F1,37.5,1,32.1,3.178105747,32.1,,
F1,32.5,1,31.9,3.171491564,31.9,,
F1,37.5,1,31.8,3.168174102,31.8,,
F1,37.5,1,31.6,3.161518254,31.6,,
F1,37.5,1,31,3.141380649,31.0,,
F1,37.5,1,30.6,3.127810801,30.6,,
F1,32.5,1,30,3.107232502,30.0,,
F1,37.5,1,29.9,3.103776179,29.9,,
F1,32.5,1,29.8,3.10031214,29.8,,
F1,37.5,1,29.6,3.093360744,29.6,,
F1,37.5,1,29.6,3.093360744,29.6,,
F1,37.5,1,29.5,3.089873299,29.5,,
F1,37.5,1,29.4,3.086377965,29.4,,
F1,37.5,1,29.3,3.082874695,29.3,,
F1,32.5,1,29.3,3.082874695,29.3,,
F1,32.5,1,29.2,3.079363445,29.2,,
F1,32.5,1,29.2,3.079363445,29.2,,
F1,37.5,1,29,3.072316822,29.0,,
F1,32.5,1,28.9,3.068781357,28.9,,
F1,32.5,1,28.8,3.065237726,28.8,,
F1,32.5,1,28.6,3.05812578,28.6,,
F1,32.5,1,28.5,3.054557369,28.5,,
F1,37.5,1,28.4,3.0509806,28.4,,
F1,37.5,1,28.3,3.047395426,28.3,,
F1,37.5,1,28.3,3.047395426,28.3,,
F1,37.5,1,28.1,3.04019966,28.1,,
F1,32.5,1,26.8,2.992574224,26.8,,
F1,32.5,1,26.8,2.992574224,26.8,,
F1,37.5,1,26.4,2.977611103,26.4,,
F1,32.5,1,26.4,2.977611103,26.4,,
F1,32.5,1,26.2,2.970072814,26.2,,
F1,32.5,1,26.2,2.970072814,26.2,,
F1,32.5,1,26,2.962496065,26.0,,
F1,32.5,1,26,2.962496065,26.0,,
F1,32.5,1,25.9,2.958693114,25.9,,
F1,32.5,1,25.9,2.958693114,25.9,,
F1,32.5,1,25.5,2.943382655,25.5,,
F1,32.5,1,25,2.924017735,25.0,,
F1,32.5,1,24.9,2.920113835,24.9,,
F1,32.5,1,24.2,2.892489481,24.2,,
F1,32.5,1,23.9,2.880487312,23.9,,
F1,32.5,1,23.8,2.876464279,23.8,,
F1,32.5,1,23.8,2.876464279,23.8,,
F1,32.5,1,23.8,2.876464279,23.8,,
F1,32.5,1,23.6,2.868384281,23.6,,
F1,32.5,1,23,2.843866977,23.0,,
F1,32.5,1,22.9,2.839739443,22.9,,
F1,32.5,1,22.7,2.831448186,22.7,,
F1,32.5,1,21.5,2.78064888,21.5,,
F1,32.5,1,21.1,2.763296485,21.1,,
F1,32.5,1,20.2,2.723435679,20.2,,
F1,32.5,1,20.2,2.723435679,20.2,,
F1,32.5,1,19.8,2.705339226,19.8,,
F1,32.5,1,19.8,2.705339226,19.8,,
F1,32.5,1,18.8,2.659005788,18.8,,
F1,27.5,1,18.6,2.649543054,18.6,,
F1,32.5,1,17.9,2.615879152,17.9,,
F1,27.5,1,17.7,2.606100073,17.7,,
F1,27.5,1,17.4,2.591292366,17.4,,
F1,27.5,1,16.9,2.566229941,16.9,,
F1,27.5,1,16.9,2.566229941,16.9,,
F1,32.5,1,16.6,2.550954401,16.6,,
F1,27.5,1,16.5,2.545821682,16.5,,
F1,27.5,1,16.3,2.535493692,16.3,,
F1,27.5,1,16.1,2.525080869,16.1,,
F1,27.5,1,16.1,2.525080869,16.1,,
F1,27.5,1,16.1,2.525080869,16.1,,
F1,27.5,1,15.4,2.487941932,15.4,,
F1,27.5,1,14.9,2.460719377,14.9,,
F1,27.5,1,14.6,2.444092387,14.6,,
F1,27.5,1,13.9,2.404390111,13.9,,
F1,22.5,1,13.8,2.398610304,13.8,,
F1,27.5,1,13.5,2.381101576,13.5,,
F1,27.5,1,13.4,2.375207736,13.4,,
F1,27.5,1,12.7,2.333106552,12.7,,
F1,27.5,1,12.6,2.326966769,12.6,,
F1,27.5,1,12.3,2.308350238,12.3,,
F1,27.5,1,11.1,2.230699103,11.1,,
F1,22.5,1,10.5,2.189759568,10.5,,
F1,22.5,1,10.4,2.182785764,10.4,,
F1,22.5,1,9.4,2.110454293,9.4,,
F1,22.5,1,8.5,2.04082755,8.5,,
F1,22.5,1,8.4,2.032792712,8.4,,
F1,22.5,1,7.9,1.9916317,7.9,,
F1,22.5,1,7.8,1.983192481,7.8,,
F1,22.5,1,7.3,1.939877413,7.3,,
F1,17.5,1,6.2,1.837090549,6.2,,
F1,22.5,1,5.9,1.806968868,5.9,,
F1,22.5,1,5.6,1.775808002,5.6,,
F1,17.5,1,5.4,1.754410642,5.4,,
F1,17.5,1,4.5,1.650963624,4.5,,
F1,17.5,1,4.5,1.650963624,4.5,,
F1,17.5,1,4.4,1.63864254,4.4,,
F1,17.5,1,4.2,1.613428645,4.2,,
F1,17.5,1,3.7,1.546680373,3.7,,
F1,17.5,1,3.7,1.546680373,3.7,,
F1,17.5,1,2.8,1.409459746,2.8,,
Fairley 1,82.5,1,0.57,8.2913,570.0,,
Fairley 1,77.5,1,0.3637,7.1381,363.7,,
Fairley 1,67.5,1,0.2362,6.1815,236.2,,
Fairley 1,67.5,1,0.2326,6.1499,232.6,,
Fairley 1,67.5,1,0.2154,5.9944,215.4,,
Fairley 1,67.5,1,0.2026,5.8733,202.6,,
Fairley 1,67.5,1,0.1992,5.8402,199.2,,
Fairley 1,62.5,1,0.1931,5.7800,193.1,,
Fairley 1,62.5,1,0.1884,5.7327,188.4,,
Fairley 1,67.5,1,0.1879,5.7276,187.9,,
Fairley 1,67.5,1,0.1871,5.7195,187.1,,
Fairley 1,62.5,1,0.178,5.6252,178.0,,
Fairley 1,62.5,1,0.1764,5.6083,176.4,,
Fairley 1,57.5,1,0.1709,5.5494,170.9,,
Fairley 1,62.5,1,0.1687,5.5255,168.7,,
Fairley 1,62.5,1,0.1652,5.4870,165.2,,
Fairley 1,62.5,1,0.1648,5.4826,164.8,,
Fairley 1,57.5,1,0.1647,5.4815,164.7,,
Fairley 1,62.5,1,0.1597,5.4254,159.7,,
Fairley 1,57.5,1,0.1578,5.4038,157.8,,
Fairley 1,57.5,1,0.1478,5.2872,147.8,,
Fairley 1,57.5,1,0.1443,5.2451,144.3,,
Fairley 1,57.5,1,0.1433,5.2330,143.3,,
Fairley 1,57.5,1,0.1415,5.2110,141.5,,
Fairley 1,57.5,1,0.1415,5.2110,141.5,,
Fairley 1,57.5,1,0.1389,5.1789,138.9,,
Fairley 1,57.5,1,0.138,5.1676,138.0,,
Fairley 1,52.5,1,0.1365,5.1489,136.5,,
Fairley 1,52.5,1,0.1359,5.1413,135.9,,
Fairley 1,57.5,1,0.1342,5.1198,134.2,,
Fairley 1,57.5,1,0.1286,5.0475,128.6,,
Fairley 1,57.5,1,0.1272,5.0292,127.2,,
Fairley 1,57.5,1,0.1261,5.0146,126.1,,
Fairley 1,57.5,1,0.1253,5.0040,125.3,,
Fairley 1,57.5,1,0.1242,4.9893,124.2,,
Fairley 1,52.5,1,0.1234,4.9786,123.4,,
Fairley 1,57.5,1,0.1225,4.9664,122.5,,
Fairley 1,57.5,1,0.122,4.9597,122.0,,
Fairley 1,57.5,1,0.1178,4.9021,117.8,,
Fairley 1,57.5,1,0.1169,4.8896,116.9,,
Fairley 1,57.5,1,0.1034,4.6936,103.4,,
Fairley 1,52.5,1,0.0973,4.5994,97.3,,
Fairley 1,52.5,1,0.0955,4.5709,95.5,,
Fairley 1,52.5,1,0.0934,4.5371,93.4,,
Fairley 1,47.5,1,0.0908,4.4946,90.8,,
Fairley 1,52.5,1,0.0895,4.4731,89.5,,
Fairley 1,47.5,1,0.0881,4.4496,88.1,,
Fairley 1,52.5,1,0.083,4.3621,83.0,,
Fairley 1,47.5,1,0.078,4.2727,78.0,,
Fairley 1,52.5,1,0.0767,4.2488,76.7,,
Fairley 1,47.5,1,0.0746,4.2097,74.6,,
Fairley 1,47.5,1,0.0746,4.2097,74.6,,
Fairley 1,47.5,1,0.0703,4.1272,70.3,,
Fairley 1,47.5,1,0.0685,4.0916,68.5,,
Fairley 1,42.5,1,0.0664,4.0494,66.4,,
Fairley 1,47.5,1,0.0601,3.9170,60.1,,
Fairley 1,37.5,1,0.0495,3.6717,49.5,,
Fairley 1,42.5,1,0.0478,3.6292,47.8,,
Fairley 1,37.5,1,0.0406,3.4370,40.6,,
Fairley 1,37.5,1,0.0366,3.3202,36.6,,
Fairley 1,32.5,1,0.027,3.0000,27.0,,
Somerlayton,62.5,1,250,6.299605238,250.0,,
Somerlayton,67.5,1,248.4,6.286137307,248.4,,
Somerlayton,62.5,1,240.8,6.221362304,240.8,,
Somerlayton,62.5,1,213.8,5.979560066,213.8,,
Somerlayton,57.5,1,207.2,5.917386223,207.2,,
Somerlayton,57.5,1,202,5.867464298,202.0,,
Somerlayton,57.5,1,189.7,5.74586974,189.7,,
Somerlayton,62.5,1,178.9,5.634691103,178.9,,
Somerlayton,62.5,1,169.3,5.532044335,169.3,,
Somerlayton,62.5,1,168.4,5.522224117,168.4,,
Somerlayton,57.5,1,162.2,5.453604205,162.2,,
Somerlayton,62.5,1,161.4,5.444623367,161.4,,
Somerlayton,62.5,1,153.5,5.354301129,153.5,,
Somerlayton,57.5,1,148.7,5.297898767,148.7,,
Somerlayton,57.5,1,147.7,5.285996011,147.7,,
Somerlayton,57.5,1,146.2,5.268040723,146.2,,
Somerlayton,57.5,1,145.9,5.264434945,145.9,,
Somerlayton,57.5,1,144.6,5.248752529,144.6,,
Somerlayton,57.5,1,144.4,5.246331518,144.4,,
Somerlayton,57.5,1,142.2,5.219551633,142.2,,
Somerlayton,52.5,1,141.3,5.208516607,141.3,,
Somerlayton,57.5,1,141.1,5.20605802,141.1,,
Somerlayton,57.5,1,140.6,5.19990137,140.6,,
Somerlayton,57.5,1,139.6,5.187544144,139.6,,
Somerlayton,57.5,1,139.5,5.186305179,139.5,,
Somerlayton,57.5,1,139,5.180101459,139.0,,
Somerlayton,57.5,1,138.9,5.17885893,138.9,,
Somerlayton,57.5,1,138.2,5.170144488,138.2,,
Somerlayton,57.5,1,137.7,5.163901854,137.7,,
Somerlayton,57.5,1,137.4,5.160149017,137.4,,
Somerlayton,57.5,1,136.5,5.148857626,136.5,,
Somerlayton,57.5,1,135.9,5.141302432,135.9,,
Somerlayton,52.5,1,133.9,5.115956679,133.9,,
Somerlayton,57.5,1,133.3,5.108303778,133.3,,
Somerlayton,52.5,1,131.7,5.08778313,131.7,,
Somerlayton,52.5,1,130.5,5.072283314,130.5,,
Somerlayton,57.5,1,130.5,5.072283314,130.5,,
Somerlayton,57.5,1,130.4,5.07098738,130.4,,
Somerlayton,57.5,1,130,5.065797011,130.0,,
Somerlayton,57.5,1,129.7,5.061897243,129.7,,
Somerlayton,57.5,1,128.3,5.043618373,128.3,,
Somerlayton,57.5,1,127.3,5.030480469,127.3,,
Somerlayton,52.5,1,127,5.026525687,127.0,,
Somerlayton,52.5,1,123.9,4.985290092,123.9,,
Somerlayton,57.5,1,123.3,4.977229786,123.3,,
Somerlayton,52.5,1,122.4,4.965090153,122.4,,
Somerlayton,57.5,1,121.2,4.948811052,121.2,,
Somerlayton,52.5,1,121.1,4.947449619,121.1,,
Somerlayton,52.5,1,121,4.946087435,121.0,,
Somerlayton,52.5,1,119.1,4.920062124,119.1,,
Somerlayton,57.5,1,119,4.918684727,119.0,,
Somerlayton,52.5,1,117.4,4.896540658,117.4,,
Somerlayton,52.5,1,116,4.876998953,116.0,,
Somerlayton,52.5,1,115.9,4.875597114,115.9,,
Somerlayton,57.5,1,115.4,4.868575795,115.4,,
Somerlayton,57.5,1,114.1,4.850224944,114.1,,
Somerlayton,57.5,1,114,4.848807578,114.0,,
Somerlayton,52.5,1,112.1,4.821718703,112.1,,
Somerlayton,52.5,1,112,4.820284521,112.0,,
Somerlayton,57.5,1,112,4.820284521,112.0,,
Somerlayton,52.5,1,109.2,4.779776013,109.2,,
Somerlayton,47.5,1,107.2,4.750415469,107.2,,
Somerlayton,47.5,1,106.9,4.745979971,106.9,,
Somerlayton,52.5,1,106.7,4.74301836,106.7,,
Somerlayton,47.5,1,105.7,4.728154526,105.7,,
Somerlayton,52.5,1,105.6,4.726662995,105.6,,
Somerlayton,52.5,1,102.9,4.686030643,102.9,,
Somerlayton,52.5,1,102.7,4.682992697,102.7,,
Somerlayton,52.5,1,98.5,4.618263866,98.5,,
Somerlayton,47.5,1,97.9,4.608867576,97.9,,
Somerlayton,52.5,1,97.7,4.605726949,97.7,,
Somerlayton,47.5,1,97.7,4.605726949,97.7,,
Somerlayton,52.5,1,96.7,4.589959188,96.7,,
Somerlayton,52.5,1,96.6,4.588376444,96.6,,
Somerlayton,47.5,1,95.6,4.572488587,95.6,,
Somerlayton,52.5,1,93.7,4.541993722,93.7,,
Somerlayton,47.5,1,92.6,4.524149992,92.6,,
Somerlayton,52.5,1,91.9,4.512721199,91.9,,
Somerlayton,47.5,1,89.1,4.466416652,89.1,,
Somerlayton,52.5,1,88.9,4.463072273,88.9,,
Somerlayton,47.5,1,88.2,4.451327292,88.2,,
Somerlayton,52.5,1,88,4.447960175,88.0,,
Somerlayton,47.5,1,84.5,4.388191471,84.5,,
Somerlayton,47.5,1,84.4,4.386459746,84.4,,
Somerlayton,47.5,1,83.3,4.367319853,83.3,,
Somerlayton,52.5,1,83.2,4.365571526,83.2,,
Somerlayton,47.5,1,81.8,4.340946505,81.8,,
Somerlayton,47.5,1,81.1,4.328528527,81.1,,
Somerlayton,47.5,1,81,4.326748705,81.0,,
Somerlayton,47.5,1,80.9,4.324967416,80.9,,
Somerlayton,52.5,1,80.3,4.314248742,80.3,,
Somerlayton,47.5,1,80.2,4.31245711,80.2,,
Somerlayton,47.5,1,77.8,4.269003705,77.8,,
Somerlayton,47.5,1,77.7,4.26717387,77.7,,
Somerlayton,47.5,1,77,4.254320859,77.0,,
Somerlayton,47.5,1,75.6,4.228379233,75.6,,
Somerlayton,47.5,1,75,4.21716332,75.0,,
Somerlayton,47.5,1,74.5,4.207770943,74.5,,
Somerlayton,47.5,1,74.1,4.200226739,74.1,,
Somerlayton,42.5,1,71.7,4.154381586,71.7,,
Somerlayton,47.5,1,71.3,4.146641686,71.3,,
Somerlayton,47.5,1,70.3,4.127164454,70.3,,
Somerlayton,47.5,1,69.7,4.115389313,69.7,,
Somerlayton,47.5,1,69,4.101565924,69.0,,
Somerlayton,42.5,1,68.8,4.097599223,68.8,,
Somerlayton,47.5,1,68.4,4.0896427,68.4,,
Somerlayton,47.5,1,67.3,4.067601081,67.3,,
Somerlayton,47.5,1,66.6,4.053449273,66.6,,
Somerlayton,47.5,1,65.8,4.037153824,65.8,,
Somerlayton,47.5,1,65.7,4.035107623,65.7,,
Somerlayton,42.5,1,65.3,4.026901993,65.3,,
Somerlayton,47.5,1,63.8,3.99582898,63.8,,
Somerlayton,47.5,1,63.5,3.989556083,63.5,,
Somerlayton,47.5,1,62.8,3.974842096,62.8,,
Somerlayton,42.5,1,62.7,3.972731187,62.7,,
Somerlayton,47.5,1,62.5,3.968502624,62.5,,
Somerlayton,42.5,1,61.5,3.947223381,61.5,,
Somerlayton,42.5,1,61.1,3.938647095,61.1,,
Somerlayton,47.5,1,60.6,3.927873936,60.6,,
Somerlayton,42.5,1,60,3.914867636,60.0,,
Somerlayton,42.5,1,59.8,3.910512941,59.8,,
Somerlayton,42.5,1,59.5,3.903962656,59.5,,
Somerlayton,47.5,1,59.4,3.901774335,59.4,,
Somerlayton,42.5,1,59.4,3.901774335,59.4,,
Somerlayton,42.5,1,59.1,3.895194602,59.1,,
Somerlayton,42.5,1,59,3.892996411,59.0,,
Somerlayton,42.5,1,58.7,3.886386896,58.7,,
Somerlayton,42.5,1,58.6,3.884178721,58.6,,
Somerlayton,42.5,1,58.3,3.877539087,58.3,,
Somerlayton,42.5,1,57.3,3.855241072,57.3,,
Somerlayton,42.5,1,57.2,3.852997043,57.2,,
Somerlayton,42.5,1,56.6,3.839477644,56.6,,
Somerlayton,42.5,1,56,3.82586236,56.0,,
Somerlayton,42.5,1,55.7,3.819018227,55.7,,
Somerlayton,42.5,1,55.3,3.809854381,55.3,,
Somerlayton,42.5,1,54.7,3.796025387,54.7,,
Somerlayton,42.5,1,54,3.779763145,54.0,,
Somerlayton,42.5,1,53.8,3.775090998,53.8,,
Somerlayton,42.5,1,52.1,3.734902255,52.1,,
Somerlayton,42.5,1,51.8,3.727719733,51.8,,
Somerlayton,42.5,1,51.7,3.725319398,51.7,,
Somerlayton,42.5,1,51.6,3.722915965,51.6,,
Somerlayton,42.5,1,51.6,3.722915965,51.6,,
Somerlayton,42.5,1,51.5,3.720509425,51.5,,
Somerlayton,42.5,1,51.2,3.713271062,51.2,,
Somerlayton,42.5,1,50.9,3.706004368,50.9,,
Somerlayton,42.5,1,49.2,3.664277594,49.2,,
Somerlayton,42.5,1,48.1,3.636763209,48.1,,
Somerlayton,42.5,1,48,3.634241181,48.0,,
Somerlayton,42.5,1,47.9,3.631715648,47.9,,
Somerlayton,42.5,1,47.9,3.631715648,47.9,,
Somerlayton,42.5,1,47.1,3.611383714,47.1,,
Somerlayton,42.5,1,45.5,3.570018486,45.5,,
Somerlayton,37.5,1,44.9,3.55425661,44.9,,
Somerlayton,37.5,1,44.6,3.546322975,44.6,,
Somerlayton,42.5,1,44.5,3.543670526,44.5,,
Somerlayton,37.5,1,43.2,3.508821281,43.2,,
Somerlayton,37.5,1,42.8,3.497957988,42.8,,
Somerlayton,37.5,1,41.1,3.451018389,41.1,,
Somerlayton,37.5,1,40.6,3.436966855,40.6,,
Somerlayton,37.5,1,39.1,3.394107436,39.1,,
Somerlayton,37.5,1,38.1,3.364921921,38.1,,
Somerlayton,37.5,1,37.4,3.34418684,37.4,,
Somerlayton,37.5,1,37.4,3.34418684,37.4,,
Somerlayton,37.5,1,36.2,3.308030636,36.2,,
Somerlayton,37.5,1,34.9,3.267948033,34.9,,
Somerlayton,37.5,1,34.7,3.261693572,34.7,,
Somerlayton,37.5,1,33,3.207534326,33.0,,
Somerlayton,37.5,1,31.6,3.161518254,31.6,,
Somerlayton,37.5,1,29.7,3.096840343,29.7,,
Somerlayton,37.5,1,29.1,3.07584417,29.1,,
Somerlayton,32.5,1,26.4,2.977611103,26.4,,
Somerlayton,37.5,1,25.3,2.935667331,25.3,,
Somerlayton,37.5,1,23.4,2.860258503,23.4,,
Somerlayton,37.5,1,22.6,2.827284285,22.6,,
Somerlayton,37.5,1,21.3,2.771999839,21.3,,
Somerlayton,32.5,1,19.8,2.705339226,19.8,,
Somerlayton,37.5,1,17.9,2.615879152,17.9,,
Somerlayton,27.5,1,17.6,2.601182891,17.6,,
Somerlayton,27.5,1,17.5,2.596247048,17.5,,
Somerlayton,27.5,1,17.1,2.576313463,17.1,,
Somerlayton,32.5,1,15.6,2.498665953,15.6,,
Somerlayton,27.5,1,15.3,2.482545078,15.3,,
Somerlayton,32.5,1,12.5,2.320794415,12.5,,
Somerlayton,27.5,1,11.1,2.230699103,11.1,,
Somerlayton,22.5,1,9.2,2.095379105,9.2,,
Somerlayton,27.5,1,7.2,1.930978768,7.2,,
Somerlayton,22.5,1,7,1.912931182,7.0,,
Somerlayton,27.5,1,6.7,1.88520363,6.7,,
Somerlayton,22.5,1,6,1.817120592,6.0,,
Somerlayton,17.5,1,5.3,1.7435134,5.3,,
Somerlayton,17.5,1,4.5,1.650963624,4.5,,
Somerlayton,22.5,1,3.5,1.518294485,3.5,,
Year 1 trial field,62.5,1,176,5.604078652,176.0,,
Year 1 trial field,57.5,1,156.2,5.385512139,156.2,,
Year 1 trial field,57.5,1,150.4,5.318011572,150.4,,
Year 1 trial field,57.5,1,144.1,5.242695805,144.1,,
Year 1 trial field,57.5,1,143.9,5.240269193,143.9,,
Year 1 trial field,57.5,1,143.8,5.239055043,143.8,,
Year 1 trial field,57.5,1,140.7,5.201133866,140.7,,
Year 1 trial field,57.5,1,136.6,5.150114672,136.6,,
Year 1 trial field,57.5,1,136.1,5.143823296,136.1,,
Year 1 trial field,52.5,1,135.3,5.133724967,135.3,,
Year 1 trial field,57.5,1,134,5.117229939,134.0,,
Year 1 trial field,52.5,1,133.8,5.114682785,133.8,,
Year 1 trial field,52.5,1,128.7,5.048854419,128.7,,
Year 1 trial field,52.5,1,125.9,5.011971307,125.9,,
Year 1 trial field,57.5,1,125.8,5.010643984,125.8,,
Year 1 trial field,57.5,1,120.1,4.933793878,120.1,,
Year 1 trial field,52.5,1,120,4.932424141,120.0,,
Year 1 trial field,52.5,1,118.7,4.9145479,118.7,,
Year 1 trial field,52.5,1,117.6,4.899319626,117.6,,
Year 1 trial field,52.5,1,115.3,4.867169099,115.3,,
Year 1 trial field,52.5,1,113.2,4.837438703,113.2,,
Year 1 trial field,52.5,1,112.9,4.833161566,112.9,,
Year 1 trial field,52.5,1,111.6,4.814539242,111.6,,
Year 1 trial field,52.5,1,111.3,4.810221267,111.3,,
Year 1 trial field,52.5,1,107.4,4.753367872,107.4,,
Year 1 trial field,52.5,1,105.9,4.731134769,105.9,,
Year 1 trial field,47.5,1,103.9,4.701161619,103.9,,
Year 1 trial field,52.5,1,101.5,4.664681688,101.5,,
Year 1 trial field,47.5,1,100.3,4.646225781,100.3,,
Year 1 trial field,52.5,1,100.2,4.644681158,100.2,,
Year 1 trial field,52.5,1,99.4,4.63228702,99.4,,
Year 1 trial field,52.5,1,98.2,4.613570505,98.2,,
Year 1 trial field,52.5,1,97,4.594700885,97.0,,
Year 1 trial field,52.5,1,93.6,4.540377354,93.6,,
Year 1 trial field,47.5,1,93.2,4.533900345,93.2,,
Year 1 trial field,47.5,1,92,4.514357429,92.0,,
Year 1 trial field,47.5,1,91.3,4.50287881,91.3,,
Year 1 trial field,52.5,1,91.2,4.501234223,91.2,,
Year 1 trial field,47.5,1,88.9,4.463072273,88.9,,
Year 1 trial field,47.5,1,85.1,4.398553237,85.1,,
Year 1 trial field,47.5,1,83.1,4.363821798,83.1,,
Year 1 trial field,47.5,1,82.5,4.353293839,82.5,,
Year 1 trial field,47.5,1,80.1,4.310663988,80.1,,
Year 1 trial field,47.5,1,78.5,4.281768849,78.5,,
Year 1 trial field,47.5,1,78.3,4.278129435,78.3,,
Year 1 trial field,47.5,1,76.5,4.245092368,76.5,,
Year 1 trial field,47.5,1,76.5,4.245092368,76.5,,
Year 1 trial field,47.5,1,76.4,4.243241848,76.4,,
Year 1 trial field,47.5,1,76.4,4.243241848,76.4,,
Year 1 trial field,47.5,1,76,4.235823578,76.0,,
Year 1 trial field,47.5,1,74.9,4.215288192,74.9,,
Year 1 trial field,47.5,1,74.7,4.211532922,74.7,,
Year 1 trial field,47.5,1,73.9,4.196444453,73.9,,
Year 1 trial field,47.5,1,73.8,4.19455075,73.8,,
Year 1 trial field,47.5,1,73.7,4.192655336,73.7,,
Year 1 trial field,47.5,1,72.6,4.171691709,72.6,,
Year 1 trial field,42.5,1,72.5,4.169775452,72.5,,
Year 1 trial field,47.5,1,72.4,4.167857431,72.4,,
Year 1 trial field,47.5,1,71.9,4.158240744,71.9,,
Year 1 trial field,47.5,1,71.9,4.158240744,71.9,,
Year 1 trial field,47.5,1,71.7,4.154381586,71.7,,
Year 1 trial field,42.5,1,71.4,4.148579369,71.4,,
Year 1 trial field,47.5,1,71.3,4.146641686,71.3,,
Year 1 trial field,42.5,1,70.4,4.129120456,70.4,,
Year 1 trial field,47.5,1,69.9,4.119321842,69.9,,
Year 1 trial field,42.5,1,69.2,4.105524967,69.2,,
Year 1 trial field,42.5,1,68,4.081655096,68.0,,
Year 1 trial field,42.5,1,67.8,4.077649544,67.8,,
Year 1 trial field,42.5,1,66.8,4.057502725,66.8,,
Year 1 trial field,42.5,1,66.3,4.047353852,66.3,,
Year 1 trial field,47.5,1,65.5,4.031008984,65.5,,
Year 1 trial field,42.5,1,65.4,4.028956535,65.4,,
Year 1 trial field,47.5,1,64.8,4.016597695,64.8,,
Year 1 trial field,42.5,1,63.7,3.993740203,63.7,,
Year 1 trial field,42.5,1,63.5,3.989556083,63.5,,
Year 1 trial field,47.5,1,63.4,3.987460727,63.4,,
Year 1 trial field,42.5,1,63.2,3.983263397,63.2,,
Year 1 trial field,42.5,1,62.8,3.974842096,62.8,,
Year 1 trial field,47.5,1,62.2,3.962142834,62.2,,
Year 1 trial field,47.5,1,61.9,3.95576256,61.9,,
Year 1 trial field,42.5,1,61.1,3.938647095,61.1,,
Year 1 trial field,47.5,1,60.8,3.932190285,60.8,,
Year 1 trial field,42.5,1,60.6,3.927873936,60.6,,
Year 1 trial field,42.5,1,59.8,3.910512941,59.8,,
Year 1 trial field,47.5,1,59.8,3.910512941,59.8,,
Year 1 trial field,42.5,1,59.6,3.906148525,59.6,,
Year 1 trial field,42.5,1,58.4,3.879754824,58.4,,
Year 1 trial field,47.5,1,58.2,3.875320815,58.2,,
Year 1 trial field,42.5,1,58.1,3.8731,58.1,,
Year 1 trial field,42.5,1,57.1,3.850750397,57.1,,
Year 1 trial field,42.5,1,56.8,3.84399468,56.8,,
Year 1 trial field,42.5,1,56.6,3.839477644,56.6,,
Year 1 trial field,42.5,1,55.5,3.814441808,55.5,,
Year 1 trial field,42.5,1,54.8,3.798337218,54.8,,
Year 1 trial field,42.5,1,53.6,3.770407257,53.6,,
Year 1 trial field,42.5,1,53.5,3.768061017,53.5,,
Year 1 trial field,42.5,1,52.7,3.749185003,52.7,,
Year 1 trial field,42.5,1,52.2,3.737290301,52.2,,
Year 1 trial field,42.5,1,50.7,3.701144029,50.7,,
Year 1 trial field,42.5,1,50.1,3.686485879,50.1,,
Year 1 trial field,42.5,1,50,3.684031494,50.0,,
Year 1 trial field,42.5,1,47.7,3.626654017,47.7,,
Year 1 trial field,42.5,1,47.7,3.626654017,47.7,,
Year 1 trial field,37.5,1,47.2,3.613937734,47.2,,
Year 1 trial field,42.5,1,46.8,3.603699895,46.8,,
Year 1 trial field,42.5,1,46.4,3.593403554,46.4,,
Year 1 trial field,37.5,1,46.1,3.585642399,46.1,,
Year 1 trial field,37.5,1,45.4,3.56740117,45.4,,
Year 1 trial field,42.5,1,44,3.530348331,44.0,,
Year 1 trial field,42.5,1,43.9,3.527671796,43.9,,
Year 1 trial field,42.5,1,43.1,3.506111766,43.1,,
Year 1 trial field,42.5,1,41,3.448217236,41.0,,
Year 1 trial field,37.5,1,40.1,3.422799477,40.1,,
Year 1 trial field,37.5,1,39.3,3.399884652,39.3,,
Year 1 trial field,37.5,1,36.1,3.304981758,36.1,,
Year 1 trial field,37.5,1,35.9,3.29886707,35.9,,
Year 1 trial field,37.5,1,35.3,3.280385634,35.3,,
Year 1 trial field,37.5,1,34.5,3.255415032,34.5,,
Year 1 trial field,37.5,1,34.4,3.25226666,34.4,,
Year 1 trial field,37.5,1,34.3,3.24911218,34.3,,
Year 1 trial field,37.5,1,33.3,3.217224821,33.3,,
Year 1 trial field,37.5,1,33,3.207534326,33.0,,
Year 1 trial field,32.5,1,32.6,3.194521874,32.6,,
Year 1 trial field,37.5,1,31.8,3.168174102,31.8,,
Year 1 trial field,37.5,1,29.9,3.103776179,29.9,,
Year 1 trial field,37.5,1,26.1,2.966289278,26.1,,
Year 1 trial field,32.5,1,23.8,2.876464279,23.8,,
Year 1 trial field,32.5,1,23.3,2.856178243,23.3,,
Year 1 trial field,37.5,1,23,2.843866977,23.0,,
Year 1 trial field,32.5,1,22.7,2.831448186,22.7,,
Year 1 trial field,37.5,1,21.6,2.784953297,21.6,,
Year 1 trial field,32.5,1,20.5,2.736851835,20.5,,
Year 1 trial field,32.5,1,20.4,2.732394413,20.4,,
Year 1 trial field,37.5,1,19.8,2.705339226,19.8,,
Year 1 trial field,37.5,1,18.5,2.644786234,18.5,,
Year 1 trial field,37.5,1,18,2.620741392,18.0,,
Yr 1 variety trial Field,67.5,1,224.3,6.075887963,224.3,,
Yr 1 variety trial Field,62.5,1,205,5.89636853,205.0,,
Yr 1 variety trial Field,62.5,1,201.4,5.861649166,201.4,,
Yr 1 variety trial Field,62.5,1,192.2,5.7710007,192.2,,
Yr 1 variety trial Field,62.5,1,186.7,5.715419408,186.7,,
Yr 1 variety trial Field,62.5,1,185.4,5.70212293,185.4,,
Yr 1 variety trial Field,62.5,1,183.8,5.68567243,183.8,,
Yr 1 variety trial Field,57.5,1,177.6,5.621009506,177.6,,
Yr 1 variety trial Field,62.5,1,175.9,5.603017072,175.9,,
Yr 1 variety trial Field,62.5,1,175.3,5.59663913,175.3,,
Yr 1 variety trial Field,62.5,1,167.9,5.516753315,167.9,,
Yr 1 variety trial Field,57.5,1,166.8,5.504679204,166.8,,
Yr 1 variety trial Field,57.5,1,165.9,5.494760842,165.9,,
Yr 1 variety trial Field,57.5,1,165.5,5.490341165,165.5,,
Yr 1 variety trial Field,57.5,1,160.7,5.436740758,160.7,,
Yr 1 variety trial Field,57.5,1,159.3,5.420906599,159.3,,
Yr 1 variety trial Field,57.5,1,157.9,5.404979394,157.9,,
Yr 1 variety trial Field,57.5,1,157.5,5.400411482,157.5,,
Yr 1 variety trial Field,52.5,1,157.3,5.398124625,157.3,,
Yr 1 variety trial Field,62.5,1,155.5,5.377455152,155.5,,
Yr 1 variety trial Field,62.5,1,153.2,5.35081071,153.2,,
Yr 1 variety trial Field,57.5,1,153,5.348481232,153.0,,
Yr 1 variety trial Field,57.5,1,151.2,5.327424002,151.2,,
Yr 1 variety trial Field,52.5,1,150.6,5.320367803,150.6,,
Yr 1 variety trial Field,57.5,1,148.8,5.299086104,148.8,,
Yr 1 variety trial Field,57.5,1,148.5,5.295522494,148.5,,
Yr 1 variety trial Field,57.5,1,146.6,5.272840763,146.6,,
Yr 1 variety trial Field,57.5,1,146.1,5.266839345,146.1,,
Yr 1 variety trial Field,57.5,1,142.7,5.225662095,142.7,,
Yr 1 variety trial Field,52.5,1,142,5.217103438,142.0,,
Yr 1 variety trial Field,57.5,1,141.2,5.207287604,141.2,,
Yr 1 variety trial Field,57.5,1,140.4,5.197434623,140.4,,
Yr 1 variety trial Field,57.5,1,140.3,5.196200372,140.3,,
Yr 1 variety trial Field,52.5,1,139.9,5.191257491,139.9,,
Yr 1 variety trial Field,52.5,1,135.6,5.137516493,135.6,,
Yr 1 variety trial Field,57.5,1,135.4,5.134989431,135.4,,
Yr 1 variety trial Field,52.5,1,134.7,5.126125067,134.7,,
Yr 1 variety trial Field,52.5,1,133.2,5.107026063,133.2,,
Yr 1 variety trial Field,52.5,1,132.2,5.094213601,132.2,,
Yr 1 variety trial Field,57.5,1,132,5.091643361,132.0,,
Yr 1 variety trial Field,52.5,1,127.8,5.037057988,127.8,,
Yr 1 variety trial Field,52.5,1,127.6,5.034429042,127.6,,
Yr 1 variety trial Field,52.5,1,127.5,5.03311354,127.5,,
Yr 1 variety trial Field,57.5,1,125,4.999999992,125.0,,
Yr 1 variety trial Field,52.5,1,122,4.959675656,122.0,,
Yr 1 variety trial Field,52.5,1,121.5,4.952890865,121.5,,
Yr 1 variety trial Field,57.5,1,121,4.946087435,121.0,,
Yr 1 variety trial Field,52.5,1,120.5,4.939265237,120.5,,
Yr 1 variety trial Field,52.5,1,120,4.932424141,120.0,,
Yr 1 variety trial Field,52.5,1,118.8,4.915927616,118.8,,
Yr 1 variety trial Field,52.5,1,117.6,4.899319626,117.6,,
Yr 1 variety trial Field,52.5,1,115.9,4.875597114,115.9,,
Yr 1 variety trial Field,52.5,1,114.7,4.858711794,114.7,,
Yr 1 variety trial Field,52.5,1,114.4,4.854472078,114.4,,
Yr 1 variety trial Field,52.5,1,114.2,4.851641482,114.2,,
Yr 1 variety trial Field,52.5,1,114.2,4.851641482,114.2,,
Yr 1 variety trial Field,52.5,1,113.3,4.838862735,113.3,,
Yr 1 variety trial Field,52.5,1,112.8,4.831734171,112.8,,
Yr 1 variety trial Field,52.5,1,111.7,4.815976847,111.7,,
Yr 1 variety trial Field,52.5,1,111.4,4.811661453,111.4,,
Yr 1 variety trial Field,52.5,1,111.3,4.810221267,111.3,,
Yr 1 variety trial Field,52.5,1,109.4,4.78269229,109.4,,
Yr 1 variety trial Field,52.5,1,107,4.747459391,107.0,,
Yr 1 variety trial Field,52.5,1,106.2,4.735598107,106.2,,
Yr 1 variety trial Field,47.5,1,105.5,4.725170521,105.5,,
Yr 1 variety trial Field,52.5,1,105.3,4.722182743,105.3,,
Yr 1 variety trial Field,52.5,1,104.5,4.710193652,104.5,,
Yr 1 variety trial Field,52.5,1,104.4,4.708690718,104.4,,
Yr 1 variety trial Field,52.5,1,103.8,4.699652902,103.8,,
Yr 1 variety trial Field,52.5,1,103.7,4.698143216,103.7,,
Yr 1 variety trial Field,52.5,1,102.9,4.686030643,102.9,,
Yr 1 variety trial Field,47.5,1,101.6,4.666213101,101.6,,
Yr 1 variety trial Field,52.5,1,101,4.657009501,101.0,,
Yr 1 variety trial Field,52.5,1,100,4.641588826,100.0,,
Yr 1 variety trial Field,52.5,1,98.2,4.613570505,98.2,,
Yr 1 variety trial Field,47.5,1,97.3,4.599432815,97.3,,
Yr 1 variety trial Field,52.5,1,97.3,4.599432815,97.3,,
Yr 1 variety trial Field,52.5,1,96.6,4.588376444,96.6,,
Yr 1 variety trial Field,52.5,1,96,4.578856963,96.0,,
Yr 1 variety trial Field,52.5,1,95.6,4.572488587,95.6,,
Yr 1 variety trial Field,52.5,1,95.1,4.564503085,95.1,,
Yr 1 variety trial Field,52.5,1,94.6,4.556489545,94.6,,
Yr 1 variety trial Field,47.5,1,94.4,4.553276223,94.4,,
Yr 1 variety trial Field,47.5,1,94.4,4.553276223,94.4,,
Yr 1 variety trial Field,47.5,1,94.3,4.55166786,94.3,,
Yr 1 variety trial Field,47.5,1,92.8,4.527404777,92.8,,
Yr 1 variety trial Field,47.5,1,90.9,4.496293237,90.9,,
Yr 1 variety trial Field,47.5,1,90,4.48140474,90.0,,
Yr 1 variety trial Field,47.5,1,89.2,4.468086965,89.2,,
Yr 1 variety trial Field,47.5,1,89.1,4.466416652,89.1,,
Yr 1 variety trial Field,47.5,1,88.6,4.458046287,88.6,,
Yr 1 variety trial Field,47.5,1,88.4,4.454689323,88.4,,
Yr 1 variety trial Field,47.5,1,88.3,4.453008942,88.3,,
Yr 1 variety trial Field,47.5,1,87.8,4.444587952,87.8,,
Yr 1 variety trial Field,47.5,1,87.6,4.441210604,87.6,,
Yr 1 variety trial Field,47.5,1,87.6,4.441210604,87.6,,
Yr 1 variety trial Field,47.5,1,87,4.431047615,87.0,,
Yr 1 variety trial Field,52.5,1,85.2,4.400275458,85.2,,
Yr 1 variety trial Field,47.5,1,84.3,4.384726652,84.3,,
Yr 1 variety trial Field,47.5,1,83.9,4.377780539,83.9,,
Yr 1 variety trial Field,47.5,1,83.1,4.363821798,83.1,,
Yr 1 variety trial Field,47.5,1,83,4.362070665,83.0,,
Yr 1 variety trial Field,47.5,1,82.8,4.358564176,82.8,,
Yr 1 variety trial Field,47.5,1,80.9,4.324967416,80.9,,
Yr 1 variety trial Field,47.5,1,80.5,4.317827548,80.5,,
Yr 1 variety trial Field,47.5,1,78.6,4.283586239,78.6,,
Yr 1 variety trial Field,47.5,1,78.4,4.279949916,78.4,,
Yr 1 variety trial Field,47.5,1,77.8,4.269003705,77.8,,
Yr 1 variety trial Field,47.5,1,75.8,4.232104679,75.8,,
Yr 1 variety trial Field,47.5,1,75.1,4.219036783,75.1,,
Yr 1 variety trial Field,47.5,1,74.6,4.209652773,74.6,,
Yr 1 variety trial Field,47.5,1,74.2,4.202115331,74.2,,
Yr 1 variety trial Field,47.5,1,73.6,4.190758207,73.6,,
Yr 1 variety trial Field,42.5,1,73,4.17933919,73.0,,
Yr 1 variety trial Field,47.5,1,71.8,4.156312061,71.8,,
Yr 1 variety trial Field,47.5,1,71.6,4.152449315,71.6,,
Yr 1 variety trial Field,47.5,1,71.2,4.14470219,71.2,,
Yr 1 variety trial Field,42.5,1,70.4,4.129120456,70.4,,
Yr 1 variety trial Field,42.5,1,69.8,4.117356516,69.8,,
Yr 1 variety trial Field,47.5,1,69.2,4.105524967,69.2,,
Yr 1 variety trial Field,42.5,1,65.3,4.026901993,65.3,,
Yr 1 variety trial Field,42.5,1,63.2,3.983263397,63.2,,
Yr 1 variety trial Field,42.5,1,61.9,3.95576256,61.9,,
Yr 1 variety trial Field,42.5,1,60.9,3.93434491,60.9,,
Yr 1 variety trial Field,42.5,1,60.2,3.919212665,60.2,,
Yr 1 variety trial Field,42.5,1,58.8,3.888592565,58.8,,
Yr 1 variety trial Field,42.5,1,57.5,3.859721309,57.5,,
Yr 1 variety trial Field,42.5,1,56.8,3.84399468,56.8,,
Yr 1 variety trial Field,42.5,1,56,3.82586236,56.0,,
Yr 1 variety trial Field,42.5,1,55.8,3.821302329,55.8,,
Yr 1 variety trial Field,42.5,1,51.2,3.713271062,51.2,,
Yr 1 variety trial Field,42.5,1,49.9,3.681573834,49.9,,
Yr 1 variety trial Field,37.5,1,46.2,3.588233182,46.2,,
Yr 1 variety trial Field,37.5,1,42.8,3.497957988,42.8,,
Yr 1 variety trial Field,42.5,1,42.7,3.495231597,42.7,,
Yr 1 variety trial Field,37.5,1,42.4,3.487026798,42.4,,
Yr 1 variety trial Field,37.5,1,41.2,3.453815001,41.2,,
Yr 1 variety trial Field,37.5,1,40.7,3.439786353,40.7,,
Yr 1 variety trial Field,37.5,1,39,3.391211439,39.0,,
Yr 1 variety trial Field,37.5,1,38.8,3.385404559,38.8,,
Yr 1 variety trial Field,37.5,1,38.6,3.379577689,38.6,,
Yr 1 variety trial Field,37.5,1,34,3.239611797,34.0,,
Yr 1 variety trial Field,37.5,1,32.7,3.197784922,32.7,,
Yr 1 variety trial Field,32.5,1,27.7,3.025705044,27.7,,
Yr 1 variety trial Field,32.5,1,26.2,2.970072814,26.2,,
Yr 1 variety trial Field,37.5,1,25.8,2.95488036,25.8,,
Yr 1 variety trial Field,37.5,1,25.6,2.947225196,25.6,,
Yr 1 variety trial Field,37.5,1,24.3,2.896468151,24.3,,
Yr 1 variety trial Field,32.5,1,22.1,2.806278425,22.1,,
Yr 1 variety trial Field,27.5,1,14.8,2.45520205,14.8,,
Yr 1 variety trial Field,27.5,1,14.1,2.415867087,14.1,,
Yr 1 variety trial Field,22.5,1,10,2.154434688,10.0,,
Yr 1 variety trial Field,22.5,1,7.7,1.974680821,7.7,,
Yr 1 variety trial Field,17.5,1,6.8,1.894536473,6.8,,
Yr 1 variety trial Field,22.5,1,6.2,1.837090549,6.2,,
Yr 1 variety trial Field,17.5,1,5.7,1.786315987,5.7,,
Yr 1 variety trial Field,17.5,1,4.5,1.650963624,4.5,,
Yr 1 variety trial Field,17.5,1,4.4,1.63864254,4.4,,
Yr 1 variety trial Field,17.5,1,3.7,1.546680373,3.7,,
Yr 1 variety trial Field,17.5,1,3.1,1.458099735,3.1,,
Yr 1 variety trial Field,17.5,1,3,1.44224957,3.0,,
Yr 1 variety trial Field,17.5,1,2.6,1.375068867,2.6,,
Yr 1 variety trial Field,17.5,1,2.6,1.375068867,2.6,,
Yr 1 variety trial Field,17.5,1,2.2,1.300591447,2.2,,
Yr 1 variety trial Field,17.5,1,2.2,1.300591447,2.2,,
